,AttachTable,CollectionType,EffectType
0,BeliefModifiers,City,{'EFFECT_CITY_ADJUST_GREAT_WORK_SLOTS'}
1,BeliefModifiers,District,{'EFFECT_PLAYER_GRANT_UNIT_AT_PLOT'}
2,BeliefModifiers,Owner,"{'EFFECT_ENABLE_RELIGION_AUTO_SPREAD_FOREIGN_HEMISPHERE', 'EFFECT_ENABLE_RELIGION_AUTO_SPREAD_CONQUERED', 'EFFECT_ENABLE_RELIGION_AUTO_SPREAD_TRADE_ROUTE'}"
3,BeliefModifiers,Player,{'EFFECT_ATTACH_MODIFIERS'}
4,BeliefModifiers,Unit,"{'EFFECT_ATTACH_MODIFIERS', 'EFFECT_UNIT_ADJUST_MOVEMENT', 'EFFECT_ADJUST_UNIT_EMBARKED_MOVEMENT'}"
5,CityStateBonusModifiers,Player,{'EFFECT_ATTACH_MODIFIERS'}
6,ConstructibleModifiers,City,"{'EFFECT_CITY_ADJUST_WORKER_CAP', 'EFFECT_CITY_ADJUST_TRADE_ROUTE_RANGE', 'TRIGGER_CITY_GRANT_YIELD_ON_CONSTRUCTIBLE_CREATED', 'TRIGGER_CITY_ADJUST_POPULATION_ON_GOLDEN_AGE', 'EFFECT_ATTACH_MODIFIERS', 'EFFECT_CITY_ACTIVATE_CONSTRUCTIBLE_ADJACENCY', 'EFFECT_CITY_ADJUST_YIELD', 'EFFECT_CITY_ADJUST_GROWTH', 'EFFECT_CITY_ADJUST_CONSTRUCTIBLE_YIELD', 'EFFECT_CITY_ADJUST_AVOID_RANDOM_EVENT', 'EFFECT_CITY_ADJUST_YIELD_PER_GREAT_WORK', 'EFFECT_CITY_GRANT_WAREHOUSE_YIELD', 'EFFECT_CITY_ADJUST_WORKER_YIELD'}"
7,ConstructibleModifiers,Combat,{'EFFECT_ADJUST_UNIT_STRENGTH_MODIFIER'}
8,ConstructibleModifiers,District,{'EFFECT_DISTRICT_ADJUST_TOTAL_HEALTH'}
9,ConstructibleModifiers,Owner,"{'EFFECT_PLAYER_ADJUST_YIELD_FOR_COMPLETING_NARRATIVE_EVENTS', 'EFFECT_CITY_ADJUST_WORKER_CAP', 'EFFECT_PLAYER_ADJUST_YIELD_PER_NUM_CIVS_TRADING_WITH', 'EFFECT_CITY_ADJUST_YIELD_PER_ACTIVE_TRADITION', 'EFFECT_DO_NOTHING', 'EFFECT_ATTACH_MODIFIERS', 'EFFECT_PLAYER_GRANT_PROGRESSION', 'EFFECT_CITY_ADJUST_YIELD_PER_RESOURCE', 'EFFECT_CITY_ADJUST_GROWTH', 'EFFECT_ADJUST_PLAYER_UNITS_PILLAGE_BUILDING_MODIFIER', 'EFFECT_GRANT_GREAT_WORK', 'EFFECT_CITY_ADJUST_UNIT_PRODUCTION', 'EFFECT_CITY_GRANT_UNIT', 'EFFECT_ARMY_ADJUST_AIR_INTERCEPTION_RANGE', 'EFFECT_PLAYER_ADJUST_YIELD_PER_SUZERAIN', 'EFFECT_PLAYER_ADJUST_SETTLEMENT_CAP', 'EFFECT_PLAYER_ADJUST_UNIT_EXTRA_COPY', 'EFFECT_ADJUST_PLAYER_WMD_COUNT', 'EFFECT_PLAYER_ADJUST_GOLDEN_AGE_DURATION', 'EFFECT_PLAYER_ADJUST_CONSTRUCTIBLE_YIELD', 'EFFECT_CITY_ADJUST_YIELD_PER_SURPLUS_HAPPINESS', 'EFFECT_DIPLOMACY_GRANT_DIPLOMATIC_ACTION', 'EFFECT_PLAYER_ATTRIBUTE', 'EFFECT_GRANT_ALL_PLAYERS_FAVORS_GRIEVANCES', 'EFFECT_ADJUST_PLAYER_UNITS_PILLAGE_IMPROVEMENT_MODIFIER', 'EFFECT_CITY_ADJUST_WONDER_PRODUCTION', 'EFFECT_ADJUST_CITY_AUTO_TREASURE_FLEET', 'EFFECT_ADJUST_PLAYER_RELIC_FOR_BUILDING_WONDER', 'EFFECT_CITY_ADJUST_UNIT_PRODUCTION_PER_GREAT_WORK', 'TRIGGER_PLAYER_GRANT_YIELD_ON_UNIT_CREATED', 'EFFECT_GRANT_YIELD_FOR_GREAT_WORK', 'EFFECT_GRANT_BUILDING_IN_CITY_ADJACENT_TO_TERRAIN', 'EFFECT_PLAYER_GRANT_GOLDEN_AGE', 'EFFECT_DIPLOMACY_ADJUST_DIPLOMATIC_ACTION_TOKEN_BONUS', 'EFFECT_CITY_ADJUST_RESOURCE_CAP', 'EFFECT_CITY_ADJUST_CONSTRUCTIBLE_YIELD', 'EFFECT_CITY_GRANT_GREAT_WORK'}"
10,ConstructibleModifiers,Player,{'EFFECT_ATTACH_MODIFIERS'}
11,ConstructibleModifiers,Plot,{'EFFECT_PLOT_ADJUST_YIELD'}
12,ConstructibleModifiers,Unit,"{'EFFECT_UNIT_SET_TRADE_ROUTE_PROTECTED', 'EFFECT_ADJUST_UNIT_SIGHT', 'EFFECT_ARMY_ADJUST_EXPERIENCE_RATE', 'EFFECT_UNIT_ADJUST_ABILITY'}"
13,ConstructibleModifiers,Units,{'EFFECT_GRANT_UNIT_PROMOTION'}
14,EnterStageModifiers,Owner,"{'EFFECT_COMPLETE_LAND_CLAIM', 'EFFECT_DO_NOTHING', 'EFFECT_DAE_COMPLETE_APPLY_BEHAVIOR', 'EFFECT_DAE_ESPIONAGE_GRANT_TARGET_COMMANDER_VISION', 'EFFECT_DAE_ESPIONAGE_DISABLE_SETTLEMENT_WORKERS', 'EFFECT_ELEVATE_INDEPENDENT', 'EFFECT_DAE_COMPLETE_GRANT_FAVORS_GRIEVANCES', 'EFFECT_DAE_TARGET_ATTACH_MODIFIER', 'EFFECT_DAE_GRANT_COOPERATIVE_YIELD_SUPPORT_BASE_PER_TURN', 'EFFECT_DAE_ESPIONAGE_DESTROY_TARGET_INFRASTRUCTURE_WITH_RESOURCE_TYPE', 'EFFECT_PLAYER_GRANT_TRADITION_SLOTS', 'EFFECT_CHANGE_INDEPENDENT_INVESTMENT', 'EFFECT_DAE_ADJUST_SETTLEMENT_YIELD', 'EFFECT_DAE_APPLY_NON_AGGRESSION_PACT', 'EFFECT_DAE_ESPIONAGE_ATTACH_MODIFIER', 'EFFECT_PLAYER_DIPLOMACY_INCITE_RAID', 'EFFECT_DAE_ESPIONAGE_ADJUST_CITY_PROJECT_PRODUCTION', 'EFFECT_DAE_DESCRIBE_INDEPENDENT_AND_TARGET', 'EFFECT_DAE_GRANT_CAPITAL_DISTRICT_VISION', 'EFFECT_DAE_TRADE_MAP', 'EFFECT_BLOCK_DIPLOMAITC_ACTION_GROUP_FOR_X_TURNS', 'EFFECT_DAE_ESPIONAGE_DESTROY_TARGET_INFRASTRUCTURE', 'EFFECT_DAE_LEVY_UNIT', 'EFFECT_DAE_SEND_GOLD', 'EFFECT_DAE_COOPERATIVE_ATTACH_MODIFIER', 'EFFECT_DAE_ESPIONAGE_SPAWN_TREASURE_FLEET', 'EFFECT_DAE_DESCRIBE_GRANT_FAVORS_GRIEVANCES', 'EFFECT_DAE_ESPIONAGE_ADJUST_CITY_CONSTRUCTIBLE_PRODUCTION', 'EFFECT_PLAYER_DIPLOMACY_ACTION_BASIC_DIPLOMACY_MODS', 'EFFECT_DAE_ESPIONAGE_CONVERT_SETTLEMENT', 'EFFECT_DAE_COMPLETE_IMPROVE_TRADE_RELATIONS', 'EFFECT_DAE_INCORPORATE_CITY_STATE', 'EFFECT_DAE_ESPIONAGE_STEAL_TREE_NODE', 'EFFECT_DAE_ESPIONAGE_BLOCK_CITY_GREAT_WORKS'}"
15,GameModifiers,City,"{'EFFECT_CITY_ADJUST_YIELD_PER_CITY_STATE_TRADE_ROUTE', 'EFFECT_CITY_ADJUST_TRADE_ROUTE_RANGE', 'EFFECT_CITY_ADJUST_YIELD_PER_ACTIVE_TRADITION', 'EFFECT_CITY_ADJUST_UNIT_PRODUCTION_PER_RESOURCE', 'TRIGGER_CITY_GRANT_YIELD_ON_CONSTRUCTIBLE_CREATED', 'EFFECT_CITY_ADJUST_CONSTRUCTIBLE_PRODUCTION_PER_RESOURCE', 'EFFECT_ATTACH_MODIFIERS', 'EFFECT_CITY_ADJUST_GROWTH_PER_RESOURCE', 'EFFECT_CITY_ADJUST_YIELD', 'EFFECT_CITY_ADJUST_YIELD_PER_RESOURCE', 'EFFECT_CITY_GRANT_UNIT', 'EFFECT_ADJUST_BUILDING_PRODUCTION_EFFICIENCY_PER_RESOURCE_TYPE', 'EFFECT_CITY_ADJUST_YIELD_PER_RESOURCE_CLASS', 'EFFECT_CITY_ACTIVATE_CONSTRUCTIBLE_ADJACENCY', 'EFFECT_CITY_ADJUST_CONSTRUCTIBLE_PRODUCTION_PER_SLOTTED_RESOURCE', 'EFFECT_CITY_ADJUST_YIELD_PER_AVAILABLE_RESOURCE_TYPE', 'EFFECT_CITY_ADJUST_BIOME_WONDER_PRODUCTION_PER_RESOURCE', 'EFFECT_CITY_ADJUST_YIELD_PER_NUM_CITIES', 'EFFECT_CITY_ADJUST_YIELD_PER_CONNECTED_CITY', 'EFFECT_CITY_ADJUST_SUZERAIN_OF_CONSTRUCTIBLE_YIELD', 'EFFECT_CITY_ADJUST_RESOURCE_CAP', 'EFFECT_CITY_ADJUST_UNIT_PRODUCTION_PER_SLOTTED_RESOURCE', 'TRIGGER_CITY_GRANT_YIELD_ON_PROGRESSION_TREE_NODE_DEPTH_UNLOCKED', 'EFFECT_CITY_ADJUST_CONSTRUCTIBLE_YIELD_PER_RESOURCE', 'EFFECT_CITY_GRANT_GREAT_WORK', 'EFFECT_CITY_ADJUST_YIELD_PER_GREAT_WORK', 'EFFECT_CITY_ADJUST_WORKER_YIELD'}"
16,GameModifiers,Player,"{'EFFECT_PLAYER_ADJUST_PURCHASE_EFFICIENCY_PER_RESOURCE', 'EFFECT_ATTACH_MODIFIERS', 'EFFECT_PLAYER_ADJUST_YIELD_FROM_DISTATERS', 'EFFECT_PLAYER_ADJUST_YIELD_PER_RESOURCE_TYPE', 'EFFECT_PLAYER_ADJUST_UNIT_PRODUCTION_PER_RESOURCE', 'EFFECT_ADJUST_PLAYER_YIELD_PER_SLOTTED_RESOURCE'}"
17,GameModifiers,Plot,{'EFFECT_ATTACH_MODIFIERS'}
18,GameModifiers,Unit,"{'EFFECT_TELEPORT_UNIT', 'EFFECT_UNIT_ADJUST_HEAL_PER_TURN', 'EFFECT_UNIT_ADJUST_HEAL_PER_RESOURCE', 'EFFECT_UNIT_ADJUST_COMBAT_STRENGTH_PER_RESOURCE'}"
19,GoldenAgeModifiers,City,"{'EFFECT_CITY_ADJUST_UNIT_PRODUCTION', 'EFFECT_CITY_ADJUST_WONDER_PRODUCTION', 'EFFECT_CITY_ADJUST_YIELD', 'EFFECT_CITY_ADJUST_CONSTRUCTIBLE_PRODUCTION'}"
20,GoldenAgeModifiers,Owner,"{'EFFECT_DIPLOMACY_ADJUST_DIPLOMATIC_ACTION_TOKEN_BONUS', 'EFFECT_DIPLOMACY_ADJUST_DIPLOMATIC_ACTION_TYPE_EFFICIENCY', 'EFFECT_PLAYER_ADJUST_YIELD', 'EFFECT_DIPLOMACY_ADJUST_RELATIONSHIP_GAIN_FROM_EVENT'}"
21,GoldenAgeModifiers,Unit,{'EFFECT_UNIT_ADJUST_ABILITY'}
22,MementoModifiers,City,"{'EFFECT_CITY_ADJUST_GROWTH_PER_WORKER', 'EFFECT_CITY_ADJUST_YIELD_PER_ACTIVE_TRADITION', 'EFFECT_CITY_ADJUST_YIELD_PER_NUM_CITIES', 'EFFECT_CITY_ADJUST_TRADE_ROUTE_RANGE', 'EFFECT_CITY_ADJUST_YIELD', 'EFFECT_CITY_ADJUST_CONSTRUCTIBLE_PRODUCTION', 'EFFECT_CITY_ADJUST_YIELD_PER_RESOURCE', 'EFFECT_PLAYER_GRANT_YIELD', 'EFFECT_CITY_ADJUST_WORKER_YIELD', 'EFFECT_CITY_ADJUST_YIELD_PER_SUZERAIN', 'TRIGGER_CITY_GRANT_YIELD_ON_PROGRESSION_TREE_NODE_DEPTH_UNLOCKED', 'EFFECT_CITY_ADJUST_CONSTRUCTIBLE_YIELD', 'EFFECT_CITY_ADJUST_YIELD_PER_GREAT_WORK', 'EFFECT_CITY_GRANT_YIELD', 'EFFECT_CITY_ADJUST_YIELD_PER_SURPLUS_HAPPINESS'}"
23,MementoModifiers,Combat,"{'EFFECT_ADJUST_UNIT_POST_COMBAT_YIELD', 'EFFECT_ADJUST_UNIT_STRENGTH_MODIFIER'}"
24,MementoModifiers,Owner,"{'TRIGGER_PLAYER_ADJUST_YIELD_PER_ATTRIBUTE_TREE_UNLOCKED', 'EFFECT_PLAYER_ADJUST_YIELD_FOR_COMPLETING_NARRATIVE_EVENTS', 'EFFECT_DIPLOMACY_ADJUST_DIPLOMATIC_RESPONSE_EFFICIENCY', 'EFFECT_PLAYER_ADJUST_YIELD_FOR_GOLDEN_AGE_START', 'EFFECT_PLAYER_ADJUST_YIELD_CONVERSION', 'EFFECT_PLAYER_GRANT_PROGRESSION', 'EFFECT_PLAYER_ADJUST_YIELD', 'EFFECT_ADJUST_PLAYER_OR_CITY_UNIT_PURCHASE_EFFICIENCY', 'TRIGGER_PLAYER_GRANT_YIELD_ON_MASTERY_COMPLETED', 'EFFECT_GRANT_UNIT_ON_SUCCESSFUL_UNDETECTED_ESPIONAGE_ACTION', 'EFFECT_PLAYER_GRANT_TRADITION_SLOTS', 'TRIGGER_PLAYER_ADJUST_POPULATION_ON_CELEBRATION_STARTED', 'EFFECT_PLAYER_ADJUST_SETTLEMENT_CAP', 'EFFECT_PLAYER_ADJUST_YIELD_PER_COMPLETED_MASTERY', 'EFFECT_GRANT_RETURNED_CITIES_BONUS', 'EFFECT_PLAYER_ADJUST_GOLDEN_AGE_DURATION', 'EFFECT_DIPLOMACY_ADJUST_YIELD_PER_PLAYER_INVOLVED_ACTION', 'EFFECT_PLAYER_ADJUST_YIELD_PER_RESOURCE', 'EFFECT_PLAYER_ADJUST_CONSTRUCTIBLE_YIELD', 'EFFECT_DIPLOMACY_ADJUST_YIELD_PER_PLAYER_RELATIONSHIP', 'EFFECT_PLAYER_ADJUST_YIELD_PER_NUM_TRADE_ROUTES', 'EFFECT_PLAYER_ATTRIBUTE', 'EFFECT_PLAYER_ADJUST_YIELD_PER_COMMANDER_LEVEL', 'EFFECT_ADJUST_YIELD_FOR_ALLIES', 'EFFECT_PLAYER_ADJUST_TRADE_CAPACITY', 'EFFECT_PLAYER_GRANT_YIELD', 'EFFECT_PLAYER_ADJUST_YIELD_PER_CONQUERED_SETTLEMENT', 'EFFECT_PLAYER_ADJUST_YIELD_FOR_BECOMING_SUZERAIN', 'EFFECT_PLAYER_ADJUST_PROGRESSION_TREE_MASTERY_EFFICIENCY', 'EFFECT_PLAYER_ADJUST_YIELD_PER_ACTIVE_TRADITION', 'EFFECT_PLAYER_WAR_DIPLOMATIC_RELATIONSHIP_CHANGE', 'EFFECT_PLAYER_ADJUST_UNIT_MAINTENANCE_EFFICIENCY', 'EFFECT_ADJUST_WAR_SUPPORT_BONUS'}"
25,MementoModifiers,Plot,"{'EFFECT_PLOT_ADJUST_YIELD', 'EFFECT_PLOT_ADJUST_WORKER_YIELD'}"
26,MementoModifiers,Unit,"{'EFFECT_GRANT_YIELD_PER_XP_EARNED', 'EFFECT_PLAYER_ADJUST_YIELD_PER_UNIT_LEVEL', 'EFFECT_ATTACH_MODIFIERS', 'EFFECT_ADJUST_UNIT_COMBAT_STRENGTH_MULTIPLE_ADJACENT_ENEMIES_MODIFIER', 'EFFECT_ADJUST_UNIT_FOCUSED_ATTACK_DAMAGE', 'EFFECT_GRANT_UNIT_RESPAWN_CHARGE', 'EFFECT_UNIT_ADJUST_ABILITY', 'EFFECT_UNIT_ADJUST_HEAL_PER_TURN', 'EFFECT_ADJUST_UNIT_SIGHT', 'EFFECT_ARMY_ADJUST_RESPAWN_SPEED', 'EFFECT_ARMY_ADJUST_EXPERIENCE_RATE', 'EFFECT_ADJUST_UNIT_COMBAT_STRENGTH_PREVIOUS_ENGAGEMENT_KILL_BONUS', 'EFFECT_ADJUST_UNIT_SUZERAIN_OF_COMBAT_MODIFIER', 'EFFECT_UNIT_ADJUST_PLAYER_YIELD', 'EFFECT_UNIT_ADJUST_MOVEMENT'}"
27,MetaprogressionModifiers,City,"{'EFFECT_ATTACH_MODIFIERS', 'EFFECT_METAPROGRESSION_COMPLETE_CHALLENGE'}"
28,MetaprogressionModifiers,Owner,"{'EFFECT_METAPROGRESSION_COMPLETE_CHALLENGE', 'EFFECT_METAPROGRESSION_SEND_EVENT', 'EFFECT_ATTACH_MODIFIERS'}"
29,MetaprogressionModifiers,Unit,"{'EFFECT_METAPROGRESSION_SEND_EVENT', 'EFFECT_METAPROGRESSION_COMPLETE_CHALLENGE'}"
30,NarrativeRewards,City,"{'EFFECT_CITY_ADJUST_WORKER_CAP', 'EFFECT_CITY_ADJUST_TRADE_ROUTE_RANGE', 'EFFECT_PLAYER_GRANT_YIELD_DISCOVERY', 'EFFECT_CITY_ADJUST_YIELD', 'EFFECT_CITY_ADJUST_CONSTRUCTIBLE_PRODUCTION', 'EFFECT_PLAYER_DEDUCT_TREASURY_DISCOVERY', 'EFFECT_ADJUST_PLAYER_OR_CITY_UNIT_PURCHASE_EFFICIENCY', 'EFFECT_CITY_ADJUST_UNIT_PRODUCTION', 'EFFECT_CITY_GRANT_UNIT', 'EFFECT_CITY_ADJUST_YIELD_PER_NUM_TRADE_ROUTES', 'EFFECT_CITY_GRANT_YIELD_DISCOVERY', 'EFFECT_MODIFY_CITY_YIELD_FOR_X_TURNS', 'EFFECT_CITY_ADJUST_GREAT_WORK_SLOTS', 'EFFECT_ADD_COMMANDER_WITH_UNITS', 'EFFECT_CITY_ADJUST_WONDER_PRODUCTION', 'EFFECT_CITY_ADJUST_UNHAPPINESS_EFFECT', 'EFFECT_CITY_ADJUST_POPULATION', 'EFFECT_CITY_DAMAGE_CONSTRUCTIBLES', 'EFFECT_ADJUST_PLAYER_OR_CITY_BUILDING_PURCHASE_EFFICIENCY', 'EFFECT_ADJUST_TOWN_CAN_PURCHASE_TAGGED_CONSTRUCTIBLES', 'EFFECT_CITY_ADJUST_RESOURCE_CAP', 'EFFECT_CITY_ADJUST_CONSTRUCTIBLE_YIELD', 'EFFECT_CITY_ADJUST_YIELD_PER_GREAT_WORK', 'EFFECT_CITY_TRANSFER_OWNER', 'EFFECT_CITY_ADJUST_WORKER_YIELD'}"
31,NarrativeRewards,Combat,{'EFFECT_ADJUST_UNIT_STRENGTH_MODIFIER'}
32,NarrativeRewards,Commander,"{'EFFECT_UNIT_ADJUST_DAMAGE', 'EFFECT_GRANT_UNIT_PROMOTION'}"
33,NarrativeRewards,District,"{'EFFECT_DISTRICT_ADJUST_TOTAL_HEALTH', 'EFFECT_DISTRICT_ADJUST_HEAL_PER_TURN'}"
34,NarrativeRewards,Narrative,"{'EFFECT_PLAYER_GRANT_UNIT_AT_PLOT', 'EFFECT_PLOT_PLACE_RESOURCE', 'EFFECT_STEAL_MAP'}"
35,NarrativeRewards,Owner,"{'EFFECT_PLAYER_ADJUST_YIELD_FOR_COMPLETING_NARRATIVE_EVENTS', 'EFFECT_PLAYER_SET_GOVERNMENT', 'EFFECT_PLAYER_GRANT_YIELD_DISCOVERY', 'EFFECT_PLAYER_SPAWN_TRIBE_NEAR', 'EFFECT_PLAYER_GRANT_PROGRESSION', 'EFFECT_PLOT_DESTROY_DISCOVERY', 'EFFECT_PLAYER_ADJUST_YIELD', 'EFFECT_PLAYER_GRANT_NAVAL_UNIT_WITH_OCEAN_ACCESS', 'EFFECT_ADJUST_PLAYER_OR_CITY_UNIT_PURCHASE_EFFICIENCY', 'EFFECT_PLAYER_DEDUCT_TREASURY_DISCOVERY', 'EFFECT_ADD_PLAYER_UNITS_PILLAGE_IMPROVEMENT_PLUNDER', 'EFFECT_PLAYER_ADJUST_YIELD_PER_SUZERAIN', 'EFFECT_PLAYER_ADJUST_YIELD_PER_RESOURCE_TYPE', 'EFFECT_PLAYER_ADJUST_YIELD_PER_NUM_TRADE_ROUTES', 'EFFECT_PLAYER_UNLOCK_TRADITION', 'EFFECT_ADJUST_PLAYER_VALID_UNIT_BUILD', 'EFFECT_ADJUST_PLAYER_OR_CITY_BUILDING_PURCHASE_EFFICIENCY', 'EFFECT_PLAYER_ADJUST_UNIT_MAINTENANCE_EFFICIENCY', 'EFFECT_GRANT_EXHIBIT_GREAT_WORK', 'EFFECT_PLAYER_ADD_YIELD_DEBT_NARRATIVE', 'EFFECT_PLAYER_LOWER_ALL_INDEPENDENT_RELATIONSHIPS', 'EFFECT_ADD_BELIEF', 'EFFECT_ADD_RELIGIOUS_BELIEF_YIELD', 'EFFECT_ADD_EVENT_FREQUENCY_OVERRIDE', 'EFFECT_PLAYER_DEDUCT_TREASURY_NARRATIVE', 'EFFECT_ADD_PLAYER_UNITS_PILLAGE_BUILDING_PLUNDER', 'EFFECT_PLAYER_GRANT_NARRATIVE_TAG', 'EFFECT_GRANT_GREAT_WORK', 'EFFECT_PLAYER_GRANT_TRADITION_SLOTS', 'EFFECT_PLAYER_DEDUCT_TREASURY', 'EFFECT_ADD_PANTHEON', 'EFFECT_PLAYER_GRANT_UNIT_AT_PLOT', 'EFFECT_PLAYER_GRANT_FAVORS_GRIEVANCES', 'EFFECT_PLAYER_ATTRIBUTE', 'EFFECT_GRANT_ALL_PLAYERS_FAVORS_GRIEVANCES', 'EFFECT_PLAYER_GRANT_GOLDEN_AGE', 'EFFECT_DIPLOMACY_ADJUST_DIPLOMATIC_ACTION_TOKEN_BONUS', 'EFFECT_PLAYER_GRANT_YIELD_NARRATIVE', 'EFFECT_PLAYER_DESTROY_UNIT_WITH_HIGHEST_LEVEL', 'EFFECT_DIPLOMACY_ADJUST_DIPLOMATIC_ACTION_TYPE_EFFICIENCY', 'EFFECT_PLAYER_GRANT_VICTORY_POINT', 'EFFECT_PLAYER_GRANT_FREE_PURCHASE_CHARGE', 'EFFECT_MODIFY_PLAYER_YIELD_FOR_X_TURNS'}"
36,NarrativeRewards,Player,"{'EFFECT_GRANT_GREAT_WORK', 'EFFECT_CHANGE_INDEPENDENT_AT_LOCATION_INVESTMENT', 'EFFECT_PLAYER_FORCE_MILITARY_OPERATION', 'EFFECT_DECLARE_WAR', 'EFFECT_PLAYER_SPAWN_TRIBE_ARMY'}"
37,NarrativeRewards,Plot,{'EFFECT_PLOT_ADJUST_YIELD'}
38,NarrativeRewards,Unit,"{'EFFECT_GRANT_YIELD_PER_XP_EARNED', 'EFFECT_UNIT_ADJUST_DAMAGE', 'EFFECT_ADJUST_PLAYER_UNITS_PILLAGE_IMPROVEMENT_MODIFIER', 'EFFECT_ADJUST_UNIT_PERCENT_PILLAGE_IMPROVEMENT_MODIFIER', 'EFFECT_GRANT_UNIT_EXPERIENCE', 'EFFECT_GRANT_UNIT_PROMOTION', 'EFFECT_ADJUST_UNIT_BUILDING_PILLAGE_YIELD_MODIFIER', 'EFFECT_UNIT_ADJUST_ABILITY', 'EFFECT_ADJUST_PLAYER_UNITS_PILLAGE_BUILDING_MODIFIER', 'EFFECT_UNIT_ADJUST_HEAL_PER_TURN', 'EFFECT_ADJUST_UNIT_IMPROVEMENT_PILLAGE_YIELD_MODIFIER', 'EFFECT_ADJUST_UNIT_PERCENT_PILLAGE_BUILDING_MODIFIER'}"
39,PlayerModifiers,Owner,"{'EFFECT_PLAYER_ADJUST_LEGACY_PATH_HIGH_YIELD_DISTRICT_SCORING', 'EFFECT_PLAYER_ADJUST_LEGACY_PATH_WONDER_SCORING', 'EFFECT_PLAYER_ADJUST_LEGACY_PATH_SETTLEMENT_COUNT_SCORING', 'EFFECT_PLAYER_ADJUST_LEGACY_PATH_GREAT_WORK_SCORING', 'EFFECT_PLAYER_ADJUST_LEGACY_PATH_SETTLEMENT_SCORING', 'EFFECT_PLAYER_ADJUST_LEGACY_PATH_RESOURCE_SCORING'}"
40,PlayerModifiers,Plot,{'EFFECT_REVEAL_PLOTS'}
41,PlayerModifiers,Unit,"{'EFFECT_ADJUST_UNIT_VALID_TERRAIN', 'EFFECT_UNIT_ADJUST_COMBAT_STRENGTH_PER_GAME_DIFFICULTY'}"
42,ProjectModifiers,Owner,"{'EFFECT_CITY_GRANT_WAREHOUSE_YIELD', 'EFFECT_CITY_ADJUST_YIELD_PER_CONNECTED_CITY', 'EFFECT_ATTACH_MODIFIERS'}"
43,TraditionModifiers,City,"{'EFFECT_CITY_ADJUST_YIELD_PER_ACTIVE_TRADITION', 'EFFECT_CITY_ADJUST_TRADE_ROUTE_RANGE', 'TRIGGER_CITY_GRANT_YIELD_ON_CONSTRUCTIBLE_CREATED', 'EFFECT_ATTACH_MODIFIERS', 'EFFECT_CITY_ADJUST_YIELD', 'EFFECT_CITY_ADJUST_CONSTRUCTIBLE_PRODUCTION', 'EFFECT_CITY_ADJUST_YIELD_PER_RESOURCE', 'EFFECT_CITY_ADJUST_GROWTH', 'EFFECT_CITY_ADJUST_ADJACENCY_FLAT_AMOUNT', 'EFFECT_CITY_ADJUST_UNIT_PRODUCTION', 'EFFECT_CITY_ADJUST_TRADE_YIELD', 'EFFECT_CITY_GRANT_UNIT', 'EFFECT_CITY_ACTIVATE_CONSTRUCTIBLE_WAREHOUSE_YIELD', 'EFFECT_DIPLOMACY_ADJUST_CITY_YIELD_PER_PLAYER_RELATIONSHIP', 'EFFECT_CITY_ADJUST_WORKER_MAINTENANCE_EFFICIENCY', 'EFFECT_ADJUST_CITY_REPAIR_PURCHASE_EFFICIENCY', 'EFFECT_CITY_ACTIVATE_CONSTRUCTIBLE_ADJACENCY', 'EFFECT_CITY_GRANT_WAREHOUSE_YIELD', 'EFFECT_CITY_ADJUST_YIELD_PER_SURPLUS_HAPPINESS', 'EFFECT_CITY_ADJUST_OVERBUILD_PRODUCTION_MOD', 'EFFECT_CITY_ADJUST_PROJECT_PRODUCTION', 'EFFECT_CITY_ADJUST_BUILDING_MAINTENANCE_EFFICIENCY', 'EFFECT_CITY_ADJUST_WONDER_PRODUCTION', 'EFFECT_CITY_ADJUST_YIELD_PER_POPULATION', 'EFFECT_CITY_ADJUST_YIELD_PER_UNDER_SETTLEMENT_CAP', 'EFFECT_CITY_ADJUST_UNIT_PRODUCTION_MOD_PER_SETTLEMENT', 'EFFECT_CITY_DAMAGE_CONSTRUCTIBLES', 'EFFECT_CITY_ADJUST_YIELD_PER_SUZERAIN', 'EFFECT_CITY_ADJUST_RESOURCE_CAP', 'EFFECT_CITY_ADJUST_CONSTRUCTIBLE_YIELD', 'EFFECT_CITY_ADJUST_YIELD_PER_COMMANDER_LEVEL', 'EFFECT_CITY_ADJUST_YIELD_PER_ATTRIBUTE', 'EFFECT_CITY_ADJUST_AVOID_RANDOM_EVENT', 'EFFECT_CITY_ADJUST_YIELD_PER_GREAT_WORK', 'EFFECT_CITY_ADJUST_WORKER_YIELD'}"
44,TraditionModifiers,Combat,"{'EFFECT_DIPLOMACY_ADJUST_UNIT_MAINTENANCE_PER_PLAYER_RELATIONSHIP', 'EFFECT_ADJUST_UNIT_POST_COMBAT_YIELD', 'EFFECT_ADJUST_UNIT_STRENGTH_MODIFIER', 'EFFECT_UNIT_ADJUST_MOVEMENT'}"
45,TraditionModifiers,District,{'EFFECT_DISTRICT_ADJUST_FORTIFIED_COMBAT_STRENGTH'}
46,TraditionModifiers,Owner,"{'EFFECT_PLAYER_ADJUST_YIELD_PER_ATTRIBUTE_AND_ALLIANCES', 'EFFECT_PLAYER_ADJUST_CONSTRUCTIBLE_YIELD_BY_ATTRIBUTE', 'EFFECT_DIPLOMACY_ADJUST_DIPLOMATIC_ACTION_TYPE_EFFICIENCY_PER_GREAT_WORK', 'EFFECT_PLAYER_ADJUST_YIELD', 'EFFECT_ADJUST_PLAYER_OR_CITY_UNIT_PURCHASE_EFFICIENCY', 'EFFECT_ADJUST_PLAYER_UNITS_PILLAGE_BUILDING_MODIFIER', 'EFFECT_PLAYER_ADJUST_YIELD_PER_NUM_CITIES', 'EFFECT_PLAYER_ADJUST_YIELD_PER_SUZERAIN', 'EFFECT_PLAYER_ADJUST_SETTLEMENT_CAP', 'EFFECT_PLAYER_ADJUST_YIELD_FROM_DISTATERS', 'EFFECT_PLAYER_ADJUST_YIELD_PER_RESOURCE', 'EFFECT_PLAYER_ADJUST_CONSTRUCTIBLE_YIELD', 'EFFECT_PLAYER_ADJUST_YIELD_PER_NUM_TRADE_ROUTES', 'EFFECT_DIPLOMACY_ADJUST_YIELD_PER_PLAYER_RELATIONSHIP', 'EFFECT_PLAYER_ADJUST_UNIT_PRODUCTION_PER_OTHER_UNIT_TYPE', 'EFFECT_PLAYER_ADJUST_PROGRESSION_TREE_EFFICIENCY', 'EFFECT_ADJUST_PLAYER_UNITS_PILLAGE_IMPROVEMENT_MODIFIER', 'TRIGGER_PLAYER_GRANT_YIELD_ON_UNIT_CREATED', 'EFFECT_MODIFY_PLAYER_TRADE_YIELD_CONVERSION', 'EFFECT_ADJUST_PLAYER_OR_CITY_BUILDING_PURCHASE_EFFICIENCY', 'EFFECT_DIPLOMACY_AGENDA_TIMED_UPDATE', 'EFFECT_PLAYER_ADJUST_YIELD_PER_ACTIVE_TRADITION', 'EFFECT_DIPLOMACY_ADJUST_DIPLOMATIC_ACTION_TYPE_EFFICIENCY', 'EFFECT_PLAYER_ADJUST_UNIT_MAINTENANCE_EFFICIENCY', 'EFFECT_ADJUST_PLAYER_ALLIANCE_TRADE'}"
47,TraditionModifiers,Plot,{'EFFECT_PLOT_ADJUST_YIELD'}
48,TraditionModifiers,Unit,"{'EFFECT_ADJUST_UNIT_IGNORE_ZOC', 'EFFECT_ADJUST_UNIT_PLUNDER_YIELDS', 'EFFECT_ATTACH_MODIFIERS', 'EFFECT_ADJUST_UNIT_PERCENT_PILLAGE_IMPROVEMENT_MODIFIER', 'EFFECT_UNIT_ADJUST_ABILITY', 'EFFECT_UNIT_ADJUST_HEAL_PER_TURN', 'EFFECT_ADJUST_UNIT_SPREAD_CHARGES', 'EFFECT_ADJUST_UNIT_NO_REDUCTION_DAMAGE', 'EFFECT_ARMY_ADJUST_EXPERIENCE_RATE', 'EFFECT_ADJUST_UNIT_IMPROVEMENT_PILLAGE_YIELD_MODIFIER', 'EFFECT_ADJUST_UNIT_CIV_UNIQUE_TRADITION_COMBAT_MODIFIER', 'EFFECT_ARMY_ADJUST_MOVEMENT_RATE', 'EFFECT_ADJUST_UNIT_PERCENT_PILLAGE_BUILDING_MODIFIER', 'EFFECT_UNIT_ADJUST_MOVEMENT', 'EFFECT_UNIT_ADJUST_COMMAND_AWARD', 'EFFECT_RESTORE_UNIT_MOVEMENT', 'EFFECT_ADJUST_UNIT_SIGHT', 'EFFECT_ADJUST_UNIT_COASTAL_RAID_YIELD_MODIFIER'}"
49,TraitModifiers,City,"{'EFFECT_CITY_ADJUST_TRADE_ROUTE_RANGE', 'EFFECT_ATTACH_MODIFIERS', 'EFFECT_PLAYER_GRANT_PROGRESSION', 'EFFECT_GRANT_CITY_YIELD_BIOME', 'EFFECT_CITY_ADJUST_UNIT_PRODUCTION', 'EFFECT_CITY_ACTIVATE_CONSTRUCTIBLE_ADJACENCY', 'EFFECT_CITY_GRANT_YIELD', 'EFFECT_CITY_ADJUST_YIELD_PER_SURPLUS_HAPPINESS', 'EFFECT_ADD_COMMANDER_WITH_UNITS', 'EFFECT_ADJUST_PLAYER_OR_CITY_BUILDING_PURCHASE_EFFICIENCY', 'EFFECT_CITY_UNLOCK_PROJECT', 'EFFECT_CITY_ADJUST_SPECIFIC_CONSTRUCTIBLE_MAINTENANCE', 'EFFECT_CITY_ADJUST_YIELD_PER_UNLOCKED_PROGRESSION_TREE_NODE', 'EFFECT_CITY_ADJUST_CAN_PURCHASE_IN_UNREST', 'EFFECT_CITY_ADJUST_YIELD_PER_GREAT_WORK', 'EFFECT_CITY_GRANT_NATURAL_YIELDS', 'EFFECT_CITY_ADJUST_TOWN_UPGRADE_DISCOUNT', 'EFFECT_CITY_ADJUST_WORKER_CAP', 'TRIGGER_CITY_GRANT_YIELD_ON_CONSTRUCTIBLE_CREATED', 'EFFECT_CITY_ADJUST_YIELD', 'EFFECT_CITY_ADJUST_CONSTRUCTIBLE_PRODUCTION', 'EFFECT_CITY_ADJUST_YIELD_PER_RESOURCE', 'EFFECT_CITY_ADJUST_GROWTH', 'EFFECT_CITY_GRANT_UNIT', 'EFFECT_CITY_ADJUST_YIELDS_PER_SETTLEMENT_OVER_CAP', 'EFFECT_CITY_ACTIVATE_CONSTRUCTIBLE_WAREHOUSE_YIELD', 'EFFECT_ADVANCED_START_ADD_ARMY', 'TRIGGER_CITY_GRANT_YIELD_ON_ADD_PLOT', 'EFFECT_CITY_GRANT_WAREHOUSE_YIELD', 'EFFECT_CITY_ADJUST_YIELD_PER_NUM_CITIES', 'EFFECT_CITY_ADJUST_YIELD_CONVERSION', 'EFFECT_CITY_ADJUST_POPULATION', 'EFFECT_CITY_ADJUST_RANDOM_EVENT_CONSTRUCTIBLE_YIELD', 'EFFECT_GRANT_WALLS', 'EFFECT_CITY_ADJUST_YIELD_PER_SUZERAIN', 'EFFECT_CITY_GRANT_YIELD_PER_POP_DEFENSE_CONSTRUCTED', 'EFFECT_ADJUST_TOWN_CAN_PURCHASE_TAGGED_CONSTRUCTIBLES', 'EFFECT_CITY_ADJUST_RESOURCE_CAP', 'EFFECT_CITY_ADJUST_CONSTRUCTIBLE_YIELD', 'EFFECT_CITY_ADJUST_FAVORED_WONDER_PRODUCTION', 'EFFECT_CITY_GRANT_GREAT_WORK', 'EFFECT_CITY_ADJUST_AVOID_RANDOM_EVENT', 'EFFECT_CITY_ADJUST_WORKER_YIELD'}"
50,TraitModifiers,Combat,"{'EFFECT_ADJUST_UNIT_STRENGTH_MODIFIER', 'EFFECT_ADJUST_UNIT_POST_COMBAT_YIELD'}"
51,TraitModifiers,Constructibles,{'EFFECT_CONSTRUCTIBLE_ADJUST_GREAT_WORK_SLOTS'}
52,TraitModifiers,Owner,"{'EFFECT_PLAYER_ADJUST_YIELD_FOR_COMPLETING_NARRATIVE_EVENTS', 'EFFECT_PLAYER_ADJUST_NO_INFLUENCE_PENALTY_REVEALED_SPIES', 'EFFECT_PLAYER_DIPLOMACY_IGNORE_WAR_REQUIREMENTS', 'EFFECT_PLAYER_SET_GOVERNMENT', 'EFFECT_DO_NOTHING', 'EFFECT_ATTACH_MODIFIERS', 'EFFECT_PLAYER_ADJUST_YIELD', 'EFFECT_PLAYER_GRANT_NAVAL_UNIT_WITH_OCEAN_ACCESS', 'EFFECT_ADJUST_PLAYER_OR_CITY_UNIT_PURCHASE_EFFICIENCY', 'EFFECT_PLAYER_ADJUST_YIELD_PER_UNIQUE_RESOURCE', 'TRIGGER_PLAYER_GRANT_YIELD_ON_FIND_WONDER', 'EFFECT_PLAYER_ADJUST_UNIT_EXTRA_COPY', 'EFFECT_PLAYER_ADJUST_GOLDEN_AGE_DURATION', 'EFFECT_DIPLOMACY_ADJUST_YIELD_PER_PLAYER_INVOLVED_ACTION', 'EFFECT_PLAYER_ADJUST_YIELD_PER_NUM_TRADE_ROUTES', 'EFFECT_DIPLOMACY_ADJUST_YIELD_PER_PLAYER_RELATIONSHIP', 'EFFECT_DIPLOMACY_AGENDA_ON_WAR_START', 'EFFECT_ADJUST_PLAYER_ADDITIONAL_ARTIFACTS_IN_TERRITORY', 'EFFECT_PLAYER_GRANT_YIELD', 'EFFECT_PLAYER_BLOCK_GOVERNMENT_SELECTION', 'EFFECT_PLAYER_DISABLE_BUILD_UNIT', 'EFFECT_PLAYER_DIPLOMACY_CHANGE_TRADE_ROUTE_CAPACITY', 'EFFECT_PLAYER_ADJUST_NO_OPPOSING_COUNTER_ESPIONAGE', 'EFFECT_PLAYER_ADJUST_UNIT_MAINTENANCE_EFFICIENCY', 'EFFECT_GRANT_DIPLOMATIC_ENVOYS', 'EFFECT_PLAYER_GRANT_BONUS_STORIES', 'EFFECT_PLAYER_REVEAL_CULTURE_TREE', 'EFFECT_ADJUST_PLAYER_RETAIN_CS_INCORPORATE_UNITS', 'EFFECT_ADVANCED_START_MEET_PLAYERS', 'EFFECT_ADJUST_FORBID_UPGRADE_TOWN_TO_CITY', 'EFFECT_BASIC_DIPLOMACY_MODS', 'EFFECT_DIPLOMACY_ADJUST_DIPLOMATIC_RESPONSE_EFFICIENCY', 'TRIGGER_PLAYER_GRANT_YIELD_ON_PROGRESSION_TREE_NODE_DEPTH_UNLOCKED', 'EFFECT_PLAYER_DIPLOMACY_ALLOW_LEVY_FROM_ALL_CITY_STATES', 'EFFECT_PLAYER_ADJUST_SETTLEMENT_CAP', 'EFFECT_ADJUST_PLAYER_TRADE_UNITS_SAFE_DEEP_WATER', 'EFFECT_PLAYER_ADD_GOLDEN_AGE_CHOICE', 'EFFECT_PLAYER_ADJUST_CONSTRUCTIBLE_YIELD', 'EFFECT_PLAYER_ADJUST_YIELD_PER_RESOURCE', 'EFFECT_ADJUST_PLAYER_FORBID_CS_INCORPORATE', 'EFFECT_ADD_PANTHEON', 'EFFECT_DIPLOMACY_GRANT_DIPLOMATIC_ACTION', 'EFFECT_PLAYER_ATTRIBUTE', 'EFFECT_PLAYER_ADJUST_PROGRESSION_TREE_EFFICIENCY', 'EFFECT_PLAYER_ADJUST_TRADE_CAPACITY', 'EFFECT_PLAYER_GRANT_YIELD_ASSIGNED_WORKERS', 'EFFECT_PLAYER_CAN_MEET_DISTANT_LAND_CIVS', 'EFFECT_PLAYER_GRANT_GOLDEN_AGE', 'EFFECT_DIPLOMACY_ADJUST_DIPLOMATIC_ACTION_TOKEN_BONUS', 'EFFECT_DIPLOMACY_AGENDA_TIMED_UPDATE', 'EFFECT_DIPLOMACY_ADJUST_YIELD_PER_SANCTIONED_PLAYER', 'EFFECT_DIPLOMACY_AGENDA_ON_DISPERSE_IP', 'EFFECT_PLAYER_ADJUST_YIELD_PER_ACTIVE_TRADITION', 'EFFECT_DIPLOMACY_ADJUST_DIPLOMATIC_ACTION_TYPE_EFFICIENCY', 'TRIGGER_PLAYER_GRANT_UNIT_ON_GOLDEN_AGE', 'EFFECT_ADJUST_PLAYER_YIELD_FOR_RESOURCE', 'TRIGGER_PLAYER_GRANT_UNIT_ON_PROGRESSION_TREE_NODE_DEPTH_UNLOCKED', 'EFFECT_PLAYER_ADJUST_YIELD_PER_RAZED_SETTLEMENT', 'EFFECT_PLAYER_ADJUST_YIELD_PER_CONQUERED_CITY', 'EFFECT_PLAYER_GRANT_UNIT_ON_CAPTURE_CITY', 'EFFECT_ADJUST_WAR_SUPPORT_BONUS', 'EFFECT_GRANT_COMBAT_ADJACENCY'}"
53,TraitModifiers,Plot,"{'EFFECT_PLOT_ADJUST_YIELD', 'EFFECT_PLOT_ADJUST_YIELD_PER_PLAYER_NATURAL_WONDER', 'EFFECT_PLOT_ADJUST_WORKER_MAINTENANCE'}"
54,TraitModifiers,Unit,"{'EFFECT_UNIT_SET_CAN_PLUNDER_TRADE_ROUTES_BETWEEN_OTHER_CIVS', 'EFFECT_ATTACH_MODIFIERS', 'EFFECT_ADJUST_UNIT_PERCENT_PILLAGE_IMPROVEMENT_MODIFIER', 'EFFECT_GRANT_UNIT_PROMOTION', 'EFFECT_ADJUST_UNIT_ENTER_FOREIGN_LANDS', 'EFFECT_UNIT_ADJUST_ABILITY', 'EFFECT_ADJUST_UNIT_EMBARKED_MOVEMENT', 'EFFECT_ADJUST_UNIT_COMBAT_CAPTURE', 'EFFECT_ARMY_ADJUST_EXPERIENCE_RATE', 'EFFECT_ADJUST_UNIT_PERCENT_PILLAGE_BUILDING_MODIFIER', 'EFFECT_UNIT_ADJUST_MOVEMENT', 'EFFECT_UNIT_ADJUST_COMMAND_AWARD', 'EFFECT_ADJUST_UNIT_VALID_TERRAIN', 'EFFECT_ADJUST_UNIT_ACTIVE_DIPLOMACY_GROUP_COMBAT_STRENGTH', 'EFFECT_RESTORE_UNIT_MOVEMENT', 'EFFECT_UNIT_ADJUST_EMBARKATION_TYPE', 'EFFECT_ADJUST_UNIT_BUILDING_PILLAGE_YIELD_MODIFIER', 'EFFECT_ADJUST_UNIT_RELATIONSHIP_COMBAT_STRENGTH', 'EFFECT_UNIT_ADJUST_IGNORE_MOVEMENT_OBSTACLE', 'EFFECT_ADJUST_UNIT_WATER_DAMAGE_PROTECTION', 'EFFECT_ADJUST_UNIT_SIGHT', 'EFFECT_UNIT_ADJUST_COMBAT_STRENGTH_PER_GAME_DIFFICULTY', 'EFFECT_ARMY_ADJUST_RESPAWN_SPEED', 'EFFECT_UNIT_SET_PRIVATEER', 'EFFECT_ADJUST_UNIT_HIDDEN_VISIBILITY'}"
55,UnitAbilityModifiers,City,"{'EFFECT_CITY_ADJUST_UNIT_DOMAIN_PRODUCTION', 'EFFECT_CITY_ADJUST_YIELD', 'EFFECT_CITY_ADJUST_RAZE_RATE'}"
56,UnitAbilityModifiers,Combat,"{'EFFECT_ADJUST_UNIT_COMBAT_STRENGTH_MULTIPLE_ADJACENT_ENEMIES_MODIFIER', 'EFFECT_ADJUST_UNIT_POST_COMBAT_YIELD', 'EFFECT_ADJUST_UNIT_STRENGTH_MODIFIER', 'EFFECT_ADJUST_UNIT_EMBARKED_STRENGTH_MODIFIER'}"
57,UnitAbilityModifiers,Owner,"{'EFFECT_UNIT_SET_CAN_PLUNDER_TRADE_ROUTES_BETWEEN_OTHER_CIVS', 'EFFECT_DO_NOTHING', 'EFFECT_ATTACH_MODIFIERS', 'EFFECT_UNIT_ADJUST_MOVE_AFTER_ATTACK', 'EFFECT_ADJUST_UNIT_SEE_HIDDEN', 'EFFECT_ADJUST_UNIT_ADVANCED_PILLAGING', 'EFFECT_ADJUST_UNIT_FOCUSED_ATTACK_DAMAGE', 'EFFECT_ADJUST_UNIT_ENTER_FOREIGN_LANDS', 'EFFECT_UNIT_ADJUST_ABILITY', 'EFFECT_ADJUST_UNIT_EMBARKED_MOVEMENT', 'EFFECT_ARMY_ADJUST_AIR_INTERCEPTION_RANGE', 'EFFECT_UNIT_ADJUST_HEAL_PER_TURN', 'EFFECT_ADJUST_UNIT_SPLASH_DAMAGE', 'EFFECT_ADJUST_UNIT_RESOURCE_DAMAGE', 'EFFECT_ADJUST_UNIT_IMPROVEMENT_PILLAGE_YIELD_MODIFIER', 'EFFECT_ARMY_ADJUST_MOVEMENT_RATE', 'EFFECT_ADJUST_UNIT_PERCENT_PILLAGE_BUILDING_MODIFIER', 'EFFECT_UNIT_ADJUST_COMMAND_AWARD', 'EFFECT_ADJUST_UNIT_COASTAL_RAID_ONLY_DISCOVERIES', 'EFFECT_UNIT_SET_TRADE_ROUTE_PROTECTED', 'EFFECT_ADJUST_UNIT_SEE_THROUGH_TERRAIN', 'EFFECT_ADJUST_UNIT_ROUGH_COMBAT_IGNORE_MODIFIER', 'EFFECT_ADJUST_UNIT_INITIATION_YIELD', 'EFFECT_ADJUST_UNIT_BUILDING_PILLAGE_YIELD_MODIFIER', 'EFFECT_GRANT_UNIT_ABILITY_CHARGE', 'EFFECT_ADJUST_UNIT_SIGHT', 'EFFECT_ADJUST_UNIT_ATTACK_RANGE', 'EFFECT_ARMY_ADJUST_ALWAYS_FULL_MOVE', 'EFFECT_ADJUST_UNIT_HIDDEN_VISIBILITY', 'EFFECT_ADJUST_UNIT_COASTAL_RAID_YIELD_MODIFIER', 'EFFECT_ADJUST_UNIT_IGNORE_ZOC', 'EFFECT_ADJUST_UNIT_PLUNDER_YIELDS', 'EFFECT_ADJUST_UNIT_PERCENT_PILLAGE_IMPROVEMENT_MODIFIER', 'EFFECT_UNIT_ADJUST_OPERATION_AWARD', 'EFFECT_GRANT_UNIT_PROMOTION', 'EFFECT_ADJUST_UNIT_TRADE_ROUTE_COMBAT_MODIFIER', 'EFFECT_UNIT_ADJUST_FORTIFICATION_CONSTRUCTION_TIME', 'EFFECT_ADJUST_UNIT_COMBAT_CAPTURE', 'EFFECT_UNIT_ADJUST_FLANK_DEFENSE_MODIFIER', 'EFFECT_ADJUST_UNIT_NEIGHBOR_COMBAT_MODIFIER', 'EFFECT_ADJUST_UNIT_POST_COMBAT_HEAL', 'EFFECT_ADJUST_UNIT_SUZERAIN_OF_COMBAT_MODIFIER', 'EFFECT_ADJUST_UNIT_CIV_UNIQUE_TRADITION_COMBAT_MODIFIER', 'EFFECT_UNIT_ADJUST_PLAYER_YIELD', 'EFFECT_UNIT_ADJUST_FLANKING_ATTACK_MODIFIER', 'EFFECT_UNIT_ADJUST_MOVEMENT', 'EFFECT_ADJUST_UNIT_SEE_THROUGH_FEATURES', 'EFFECT_UNITS_IMMUNE_TO_RANDOM_EVENTS', 'EFFECT_UNIT_ADJUST_EMBARKATION_TYPE', 'EFFECT_ADJUST_UNIT_CONVERT_INDEPENDENT_CHARGES', 'EFFECT_GRANT_UNIT_RESPAWN_CHARGE', 'EFFECT_ADJUST_UNIT_ATTACK_CREATES_PLOT_EFFECT', 'EFFECT_ADJUST_UNIT_NUM_ATTACKS', 'EFFECT_UNIT_ADJUST_IGNORE_MOVEMENT_OBSTACLE', 'EFFECT_UNIT_SET_PRIVATEER', 'EFFECT_ADJUST_UNIT_URBAN_POPULATION_COMBAT_MODIFIER'}"
58,UnitAbilityModifiers,Unit,"{'EFFECT_UNIT_ADJUST_HEAL_PER_TURN', 'EFFECT_ADJUST_UNIT_PERCENT_PILLAGE_IMPROVEMENT_MODIFIER', 'EFFECT_ADJUST_UNIT_PERCENT_PILLAGE_BUILDING_MODIFIER', 'EFFECT_ATTACH_MODIFIERS', 'EFFECT_UNIT_ADJUST_ABILITY'}"
59,UnitPromotionModifiers,City,"{'EFFECT_CITY_ADJUST_YIELD', 'EFFECT_CITY_ADJUST_TOTAL_DISTRICT_HEALTH'}"
60,UnitPromotionModifiers,Combat,{'EFFECT_ADJUST_UNIT_STRENGTH_MODIFIER'}
61,UnitPromotionModifiers,District,{'EFFECT_DISTRICT_ADJUST_FORTIFIED_COMBAT_STRENGTH'}
62,UnitPromotionModifiers,Owner,"{'EFFECT_ARMY_ADJUST_COMMANDER_ATTACK_DAMAGE', 'EFFECT_ARMY_ADJUST_UNIT_CAPACITY', 'EFFECT_ARMY_ADJUST_UNIT_REINFORCE_SPEED', 'EFFECT_ADJUST_UNIT_FOCUSED_ATTACK_DAMAGE', 'EFFECT_UNIT_ADJUST_ABILITY', 'EFFECT_ARMY_ADJUST_AIR_INTERCEPTION_RANGE', 'EFFECT_ARMY_ADJUST_COMMAND_RADIUS', 'EFFECT_UNIT_ADJUST_HEAL_PER_TURN', 'EFFECT_UNIT_ADJUST_IGNORE_MOVEMENT_OBSTACLE', 'EFFECT_ADJUST_UNIT_SIGHT', 'EFFECT_ADJUST_UNIT_SPLASH_DAMAGE', 'EFFECT_ARMY_ADJUST_RESPAWN_SPEED', 'EFFECT_ARMY_ADJUST_MOVEMENT_RATE'}"
63,UnitPromotionModifiers,Unit,"{'EFFECT_REVEAL_UNIT_PLOT_FOR_PLAYER', 'EFFECT_UNIT_SET_TRADE_ROUTE_PROTECTED', 'EFFECT_ADJUST_UNIT_SPLASH_DAMAGE', 'EFFECT_ATTACH_MODIFIERS', 'EFFECT_UNIT_ADJUST_FLANKING_ATTACK_MODIFIER', 'EFFECT_UNIT_ADJUST_ABILITY'}"
64,UnitPromotionModifiers,Units,"{'EFFECT_UNIT_PROPERTY', 'EFFECT_UNIT_ADJUST_PLAYER_YIELD', 'EFFECT_UNIT_ADJUST_ABILITY'}"
