,EffectType,Name,count,ArgumentType,DatabaseKind,DefaultValue,Required
0,EFFECT_ADD_BELIEF,Amount,3,,,,
1,EFFECT_ADD_COMMANDER_WITH_UNITS,CommanderType,2,database,KIND_UNIT,,0.0
2,EFFECT_ADD_COMMANDER_WITH_UNITS,UnitTags,1,text,,,0.0
3,EFFECT_ADD_COMMANDER_WITH_UNITS,UnitTypes,1,database,KIND_UNIT,,0.0
4,EFFECT_ADD_EVENT_FREQUENCY_OVERRIDE,Frequency,24,,,,
5,EFFECT_ADD_EVENT_FREQUENCY_OVERRIDE,RandomEventTypes,24,,,,
6,EFFECT_ADD_EVENT_FREQUENCY_OVERRIDE,RealismSettingTypes,24,,,,
7,EFFECT_ADD_FREE_COASTAL_RAID_TURNS,Amount,1,,,,
8,EFFECT_ADD_PANTHEON,Amount,2,,,,
9,EFFECT_ADD_PLAYER_UNITS_PILLAGE_BUILDING_PLUNDER,Amount,1,int,,0,0.0
10,EFFECT_ADD_PLAYER_UNITS_PILLAGE_BUILDING_PLUNDER,PlunderType,1,database,KIND_PLUNDER,,1.0
11,EFFECT_ADD_PLAYER_UNITS_PILLAGE_IMPROVEMENT_PLUNDER,Amount,1,int,,0,0.0
12,EFFECT_ADD_PLAYER_UNITS_PILLAGE_IMPROVEMENT_PLUNDER,PlunderType,1,database,KIND_PLUNDER,,1.0
13,EFFECT_ADD_RELIGIOUS_BELIEF_YIELD,Amount,52,,,,
14,EFFECT_ADD_RELIGIOUS_BELIEF_YIELD,BeliefYieldType,52,,,,0.0
15,EFFECT_ADD_RELIGIOUS_BELIEF_YIELD,BiomeType,12,,,,0.0
16,EFFECT_ADD_RELIGIOUS_BELIEF_YIELD,TerrainType,2,,,,0.0
17,EFFECT_ADD_RELIGIOUS_BELIEF_YIELD,YieldType,52,,,,0.0
18,EFFECT_ADJUST_BUILDING_PRODUCTION_EFFICIENCY_PER_RESOURCE_TYPE,BuildingType,1,,,,1.0
19,EFFECT_ADJUST_BUILDING_PRODUCTION_EFFICIENCY_PER_RESOURCE_TYPE,Percent,1,,,,
20,EFFECT_ADJUST_BUILDING_PRODUCTION_EFFICIENCY_PER_RESOURCE_TYPE,ResourceType,1,,,,1.0
21,EFFECT_ADJUST_CITY_AUTO_TREASURE_FLEET,VP,3,int,,,0.0
22,EFFECT_ADJUST_CITY_COMMANDER_UNHAPPINESS_REDUCTION,Percent,1,,,,0.0
23,EFFECT_ADJUST_CITY_COMMANDER_UNHAPPINESS_REDUCTION,Tooltip,1,,,,
24,EFFECT_ADJUST_CITY_IGNORE_UNHAPPINESS_EFFECT,UnhappinessEffect,1,,,,1.0
25,EFFECT_ADJUST_CITY_REPAIR_PURCHASE_EFFICIENCY,Percent,1,,,,
26,EFFECT_ADJUST_CITY_TREASURE_FLEET_MOD,Percent,10,int,,,0.0
27,EFFECT_ADJUST_CITY_TREASURE_FLEET_MOD,Tooltip,10,,,,
28,EFFECT_ADJUST_CITY_TREASURE_FLEET_MOD,YieldType,10,,,,
29,EFFECT_ADJUST_HEAL_CHARGES,Amount,1,,,,
30,EFFECT_ADJUST_PLAYER_ADDITIONAL_ARTIFACTS_IN_TERRITORY,Amount,1,,,,
31,EFFECT_ADJUST_PLAYER_ALLIANCE_CAPITAL_ROUTES,AllianceCapitalRoutes,1,,,,
32,EFFECT_ADJUST_PLAYER_ALLIANCE_CAPITAL_ROUTES,CapitalRoutesAwardGold,1,,,,
33,EFFECT_ADJUST_PLAYER_ALLIANCE_TRADE,OtherPercent,1,,,,
34,EFFECT_ADJUST_PLAYER_ALLIANCE_TRADE,SelfPercent,1,,,,
35,EFFECT_ADJUST_PLAYER_ALLIANCE_TRADE,Tooltip,1,,,,
36,EFFECT_ADJUST_PLAYER_ALLIANCE_TRADE,YieldTypeOther,1,,,,
37,EFFECT_ADJUST_PLAYER_ALLIANCE_TRADE,YieldTypeSelf,1,,,,
38,EFFECT_ADJUST_PLAYER_FREE_POLPULATION_CAPITAL_ON_CITY_STATE,Amount,2,,,,
39,EFFECT_ADJUST_PLAYER_FREE_POLPULATION_CAPITAL_ON_CITY_STATE,CityStateType,2,,,,
40,EFFECT_ADJUST_PLAYER_OR_CITY_BUILDING_PURCHASE_EFFICIENCY,BuildingTag,2,,,,0.0
41,EFFECT_ADJUST_PLAYER_OR_CITY_BUILDING_PURCHASE_EFFICIENCY,BuildingType,7,,,,0.0
42,EFFECT_ADJUST_PLAYER_OR_CITY_BUILDING_PURCHASE_EFFICIENCY,ConstructibleClass,1,,,,0.0
43,EFFECT_ADJUST_PLAYER_OR_CITY_BUILDING_PURCHASE_EFFICIENCY,Percent,14,,,,0.0
44,EFFECT_ADJUST_PLAYER_OR_CITY_BUILDING_PURCHASE_EFFICIENCY,Tooltip,1,,,,
45,EFFECT_ADJUST_PLAYER_OR_CITY_UNIT_PURCHASE_EFFICIENCY,Percent,22,,,,0.0
46,EFFECT_ADJUST_PLAYER_OR_CITY_UNIT_PURCHASE_EFFICIENCY,Tooltip,1,,,,
47,EFFECT_ADJUST_PLAYER_OR_CITY_UNIT_PURCHASE_EFFICIENCY,UnitClass,1,,,,
48,EFFECT_ADJUST_PLAYER_OR_CITY_UNIT_PURCHASE_EFFICIENCY,UnitTag,16,,,,0.0
49,EFFECT_ADJUST_PLAYER_RELIC_CONVERTING_CAPITAL,Amount,1,int,,0,0.0
50,EFFECT_ADJUST_PLAYER_RELIC_CONVERTING_CITY_STATE,Amount,1,int,,0,0.0
51,EFFECT_ADJUST_PLAYER_RELIC_CONVERTING_CITY_WITH_NATURAL_WONDER,Amount,1,int,,0,0.0
52,EFFECT_ADJUST_PLAYER_RELIC_CONVERTING_CITY_WITH_X_SPECIALISTS,Amount,1,int,,0,0.0
53,EFFECT_ADJUST_PLAYER_RELIC_CONVERTING_HOLY_CITY,Amount,1,int,,0,0.0
54,EFFECT_ADJUST_PLAYER_RELIC_CONVERTING_OWNED_CITY_FIRST_TIME,Amount,1,int,,0,0.0
55,EFFECT_ADJUST_PLAYER_RELIC_CONVERTING_RELIGIOUS_BUILDING,Amount,1,int,,0,0.0
56,EFFECT_ADJUST_PLAYER_RELIC_CONVERTING_RURAL_POP,Amount,1,int,,0,0.0
57,EFFECT_ADJUST_PLAYER_RELIC_CONVERTING_RURAL_POP,Population,1,int,,0,0.0
58,EFFECT_ADJUST_PLAYER_RELIC_CONVERTING_TREASURE_FLEETS,Amount,1,int,,0,0.0
59,EFFECT_ADJUST_PLAYER_RELIC_CONVERTING_URBAN_POP,Amount,1,int,,0,0.0
60,EFFECT_ADJUST_PLAYER_RELIC_CONVERTING_URBAN_POP,Population,1,int,,0,0.0
61,EFFECT_ADJUST_PLAYER_RELIC_CONVERTING_WONDER,Amount,1,int,,0,0.0
62,EFFECT_ADJUST_PLAYER_RELIC_FOR_BUILDING_WONDER,Amount,1,int,,0,0.0
63,EFFECT_ADJUST_PLAYER_RELIC_FOR_CIVIC_TREE_MASTERY,Amount,1,int,,0,0.0
64,EFFECT_ADJUST_PLAYER_RELIC_NEW_WORLD,Amount,1,int,,0,0.0
65,EFFECT_ADJUST_PLAYER_TRADE_DURING_WAR,TradeDuringWar,1,,,,
66,EFFECT_ADJUST_PLAYER_TRADE_UNITS_SAFE_DEEP_WATER,Safe,3,bool,,false,0.0
67,EFFECT_ADJUST_PLAYER_UNITS_PILLAGE_BUILDING_MODIFIER,Percent,4,int,,0,0.0
68,EFFECT_ADJUST_PLAYER_UNITS_PILLAGE_IMPROVEMENT_MODIFIER,Percent,4,int,,0,0.0
69,EFFECT_ADJUST_PLAYER_VALID_UNIT_BUILD,UnitType,9,,,,
70,EFFECT_ADJUST_PLAYER_WMD_COUNT,Amount,2,,,,
71,EFFECT_ADJUST_PLAYER_WMD_COUNT,Type,2,,,,
72,EFFECT_ADJUST_PLAYER_YIELD_FOR_RESOURCE,Amount,1,,,,
73,EFFECT_ADJUST_PLAYER_YIELD_FOR_RESOURCE,YieldType,1,,,,
74,EFFECT_ADJUST_PLAYER_YIELD_PER_SLOTTED_RESOURCE,Amount,3,,,,
75,EFFECT_ADJUST_PLAYER_YIELD_PER_SLOTTED_RESOURCE,PercentMultiplier,3,,,,
76,EFFECT_ADJUST_PLAYER_YIELD_PER_SLOTTED_RESOURCE,ResourceType,3,,,,
77,EFFECT_ADJUST_PLAYER_YIELD_PER_SLOTTED_RESOURCE,YieldType,3,,,,
78,EFFECT_ADJUST_TOWN_CAN_PURCHASE_TAGGED_CONSTRUCTIBLES,ConstructibleTag,4,,,,0.0
79,EFFECT_ADJUST_TOWN_CAN_PURCHASE_TAGGED_CONSTRUCTIBLES,Tooltip,1,,,,
80,EFFECT_ADJUST_UNIT_ACTIVE_DIPLOMACY_GROUP_COMBAT_STRENGTH,Amount,1,int,,0,0.0
81,EFFECT_ADJUST_UNIT_ACTIVE_DIPLOMACY_GROUP_COMBAT_STRENGTH,DiplomacyActionGroups,1,,,,
82,EFFECT_ADJUST_UNIT_ADVANCED_PILLAGING,Range,3,int,,0,0.0
83,EFFECT_ADJUST_UNIT_ADVANCED_PILLAGING,UseAdvancedPillaging,4,bool,,false,0.0
84,EFFECT_ADJUST_UNIT_ADVANCED_PILLAGING,UseFreePillaging,1,bool,,false,0.0
85,EFFECT_ADJUST_UNIT_ATTACK_CREATES_PLOT_EFFECT,PlotEffect,1,int,,NO_RESOURCECLASS,0.0
86,EFFECT_ADJUST_UNIT_ATTACK_RANGE,Amount,2,,,,
87,EFFECT_ADJUST_UNIT_BASE_COMBAT_STRENGTH,Amount,4,,,,
88,EFFECT_ADJUST_UNIT_BASE_COMBAT_STRENGTH,Type,4,,,,
89,EFFECT_ADJUST_UNIT_BUILDING_PILLAGE_YIELD_MODIFIER,Amount,6,,,,
90,EFFECT_ADJUST_UNIT_BUILDING_PILLAGE_YIELD_MODIFIER,PlunderTypes,6,,,,
91,EFFECT_ADJUST_UNIT_CIV_UNIQUE_TRADITION_COMBAT_MODIFIER,Amount,4,,,,
92,EFFECT_ADJUST_UNIT_COASTAL_RAID_YIELD_MODIFIER,Percent,2,,,,
93,EFFECT_ADJUST_UNIT_COASTAL_RAID_YIELD_MODIFIER,PlunderTypes,2,,,,
94,EFFECT_ADJUST_UNIT_COMBAT_CAPTURE,AlwaysCaptured,1,,,,0.0
95,EFFECT_ADJUST_UNIT_COMBAT_CAPTURE,CanCapture,2,,,,0.0
96,EFFECT_ADJUST_UNIT_COMBAT_CAPTURE,CapturesUnitWithTag,1,,,,0.0
97,EFFECT_ADJUST_UNIT_COMBAT_STRENGTH_MULTIPLE_ADJACENT_ENEMIES_MODIFIER,Amount,2,int,,0,0.0
98,EFFECT_ADJUST_UNIT_COMBAT_STRENGTH_PREVIOUS_ENGAGEMENT_KILL_BONUS,Amount,1,,,,0.0
99,EFFECT_ADJUST_UNIT_CONVERT_INDEPENDENT_CHARGES,Amount,1,,,,
100,EFFECT_ADJUST_UNIT_EMBARKED_MOVEMENT,Amount,13,,,,
101,EFFECT_ADJUST_UNIT_EMBARKED_MOVEMENT,Tooltip,1,,,,
102,EFFECT_ADJUST_UNIT_EMBARKED_STRENGTH_MODIFIER,Amount,3,,,,
103,EFFECT_ADJUST_UNIT_ENTER_FOREIGN_LANDS,Enter,3,,,,
104,EFFECT_ADJUST_UNIT_FOCUSED_ATTACK_DAMAGE,AirAttack,2,,,,
105,EFFECT_ADJUST_UNIT_FOCUSED_ATTACK_DAMAGE,Amount,8,int,,0,0.0
106,EFFECT_ADJUST_UNIT_FOCUSED_ATTACK_DAMAGE,CombatType,7,int,,NO_COMBAT,0.0
107,EFFECT_ADJUST_UNIT_FOCUSED_ATTACK_DAMAGE,IsAllTypes,1,,,,
108,EFFECT_ADJUST_UNIT_HIDDEN_VISIBILITY,Hidden,4,,,,
109,EFFECT_ADJUST_UNIT_IGNORE_ZOC,Ignore,4,,,,
110,EFFECT_ADJUST_UNIT_IMPROVEMENT_PILLAGE_YIELD_MODIFIER,Amount,6,,,,
111,EFFECT_ADJUST_UNIT_IMPROVEMENT_PILLAGE_YIELD_MODIFIER,PlunderTypes,6,,,,
112,EFFECT_ADJUST_UNIT_INITIATION_YIELD,Amount,3,,,,
113,EFFECT_ADJUST_UNIT_INITIATION_YIELD,YieldType,3,,,,
114,EFFECT_ADJUST_UNIT_NEIGHBOR_COMBAT_MODIFIER,Amount,2,int,,0,0.0
115,EFFECT_ADJUST_UNIT_NEIGHBOR_COMBAT_MODIFIER,OnlyFriendly,1,bool,,false,0.0
116,EFFECT_ADJUST_UNIT_NUM_ATTACKS,Amount,1,,,,
117,EFFECT_ADJUST_UNIT_PERCENT_PILLAGE_BUILDING_MODIFIER,Percent,6,int,,0,0.0
118,EFFECT_ADJUST_UNIT_PERCENT_PILLAGE_IMPROVEMENT_MODIFIER,Percent,6,int,,0,0.0
119,EFFECT_ADJUST_UNIT_PLUNDER_YIELDS,Amount,2,,,,
120,EFFECT_ADJUST_UNIT_POST_COMBAT_HEAL,AttackAmount,5,,,,
121,EFFECT_ADJUST_UNIT_POST_COMBAT_HEAL,RequiresKill,2,,,,
122,EFFECT_ADJUST_UNIT_POST_COMBAT_YIELD,OnlyWhenDefeatedSupportUnit,1,,,,
123,EFFECT_ADJUST_UNIT_POST_COMBAT_YIELD,PercentDefeatedStrength,10,,,,
124,EFFECT_ADJUST_UNIT_POST_COMBAT_YIELD,PercentDefeatedUnitCost,2,,,,
125,EFFECT_ADJUST_UNIT_POST_COMBAT_YIELD,YieldType,12,,,,
126,EFFECT_ADJUST_UNIT_RELATIONSHIP_COMBAT_STRENGTH,Amount,1,int,,0,0.0
127,EFFECT_ADJUST_UNIT_RELATIONSHIP_COMBAT_STRENGTH,RelationshipTypes,1,,,,
128,EFFECT_ADJUST_UNIT_RESOURCE_DAMAGE,Amount,2,int,,0,0.0
129,EFFECT_ADJUST_UNIT_RESOURCE_DAMAGE,ResourceClassType,2,int,,NO_RESOURCECLASS,0.0
130,EFFECT_ADJUST_UNIT_SEE_HIDDEN,SeeHidden,1,,,,
131,EFFECT_ADJUST_UNIT_SEE_THROUGH_FEATURES,CanSee,1,,,,
132,EFFECT_ADJUST_UNIT_SEE_THROUGH_TERRAIN,CanSee,2,,,,
133,EFFECT_ADJUST_UNIT_SIGHT,Amount,13,,,,
134,EFFECT_ADJUST_UNIT_SPLASH_DAMAGE,Percent,5,,,,
135,EFFECT_ADJUST_UNIT_SPREAD_CHARGES,Amount,5,,,,
136,EFFECT_ADJUST_UNIT_STRENGTH_MODIFIER,AbilityType,2,,,,
137,EFFECT_ADJUST_UNIT_STRENGTH_MODIFIER,Amount,192,,,,
138,EFFECT_ADJUST_UNIT_STRENGTH_MODIFIER,StackPercent,1,,,,
139,EFFECT_ADJUST_UNIT_STRENGTH_MODIFIER,Tooltip,2,,,,
140,EFFECT_ADJUST_UNIT_STRENGTH_MODIFIER,Type,4,,,,
141,EFFECT_ADJUST_UNIT_SUZERAIN_OF_COMBAT_MODIFIER,Amount,8,,,,
142,EFFECT_ADJUST_UNIT_SUZERAIN_OF_COMBAT_MODIFIER,CityStateType,4,,,,
143,EFFECT_ADJUST_UNIT_TRADE_ROUTE_COMBAT_MODIFIER,Amount,1,,,,
144,EFFECT_ADJUST_UNIT_UNDER_SETTLEMENT_CAP_COMBAT_MODIFIER,Amount,1,,,,
145,EFFECT_ADJUST_UNIT_URBAN_POPULATION_COMBAT_MODIFIER,Amount,1,,,,
146,EFFECT_ADJUST_UNIT_VALID_TERRAIN,TerrainType,3,database,KIND_TERRAIN,,1.0
147,EFFECT_ADJUST_UNIT_VALID_TERRAIN,Valid,3,bool,,False,0.0
148,EFFECT_ADJUST_UNIT_WAR_SUPPORT_COMBAT_STRENGTH,Amount,1,int,,0,0.0
149,EFFECT_ADJUST_UNIT_WATER_DAMAGE_PROTECTION,WaterDamage,3,int,,,0.0
150,EFFECT_ADJUST_WAR_SUPPORT_BONUS,Amount,7,,,,
151,EFFECT_ADJUST_WAR_SUPPORT_BONUS,IsAggressor,7,,,,0.0
152,EFFECT_ADJUST_WAR_SUPPORT_BONUS,RequireReligion,2,,,,0.0
153,EFFECT_ADJUST_WAR_WEARINESS_YIELD_PENALTY,Percent,1,,,,
154,EFFECT_ADJUST_YIELD_FOR_ALLIES,Percent,1,,,,
155,EFFECT_ADJUST_YIELD_FOR_ALLIES,YieldType,1,,,,0.0
156,EFFECT_ADVANCED_START_ADD_ARMY,ArmyID,5,,,,
157,EFFECT_ADVANCED_START_MEET_PLAYERS,HomelandsOnly,2,,,,0.0
158,EFFECT_AGE_TRANSITION_PLAYER_RESPAWN_COAST,RespawnID,1,,,,0.0
159,EFFECT_AGE_TRANSITION_PLAYER_RESPAWN_COAST,RespawnType,1,,,,
160,EFFECT_ARMY_ADJUST_AIR_INTERCEPTION_RANGE,Amount,3,,,,
161,EFFECT_ARMY_ADJUST_COMMANDER_ATTACK_DAMAGE,Amount,3,,,,
162,EFFECT_ARMY_ADJUST_COMMAND_RADIUS,Amount,1,,,,
163,EFFECT_ARMY_ADJUST_EXPERIENCE_RATE,Percent,11,,,,
164,EFFECT_ARMY_ADJUST_MOVEMENT_RATE,Amount,4,,,,
165,EFFECT_ARMY_ADJUST_NAME,Name,1,,,,
166,EFFECT_ARMY_ADJUST_RESPAWN_SPEED,Percent,3,,,,
167,EFFECT_ARMY_ADJUST_UNIT_CAPACITY,Amount,4,,,,
168,EFFECT_ARMY_ADJUST_UNIT_REINFORCE_SPEED,Amount,1,,,,
169,EFFECT_ARMY_GRANT_UNIT,Amount,5,,,,
170,EFFECT_ARMY_GRANT_UNIT,DomainType,5,,,,
171,EFFECT_ARMY_GRANT_UNIT,UnitTag,5,,,,
172,EFFECT_ATTACH_MODIFIERS,ModifierId,246,text,,,1.0
173,EFFECT_BASIC_DIPLOMACY_MODS,ModName,3,text,,,0.0
174,EFFECT_BASIC_DIPLOMACY_MODS,Modifier1Type,3,text,,,0.0
175,EFFECT_BASIC_DIPLOMACY_MODS,Modifier1Value,3,float,,,0.0
176,EFFECT_BASIC_DIPLOMACY_MODS,NotifyMessage,3,text,,LOC_NOTIFICATION_DIPLOMATIC_AGENDA_DEFAULT_MESSAGE,0.0
177,EFFECT_BASIC_DIPLOMACY_MODS,NotifySummary,3,text,,LOC_NOTIFICATION_DIPLOMATIC_AGENDA_DEFAULT_MESSAGE,0.0
178,EFFECT_BASIC_DIPLOMACY_MODS,Tooltip,3,,,,
179,EFFECT_BLOCK_DIPLOMAITC_ACTION_GROUP_FOR_X_TURNS,BlockActions,4,database,KIND_DIPLOMACY_ACTION,,0.0
180,EFFECT_BLOCK_DIPLOMAITC_ACTION_GROUP_FOR_X_TURNS,BlockGroupType,2,database,KIND_DIPLOMACY_ACTION_GROUP,,0.0
181,EFFECT_BLOCK_DIPLOMAITC_ACTION_GROUP_FOR_X_TURNS,NumTurns,6,int,,10,0.0
182,EFFECT_BLOCK_DIPLOMAITC_ACTION_GROUP_FOR_X_TURNS,TargetType,6,database,KIND_DIPLOMACY_MODIFIER_TARGET,,0.0
183,EFFECT_CHANGE_INDEPENDENT_AT_LOCATION_INVESTMENT,Amount,10,int,,0,0.0
184,EFFECT_CHANGE_INDEPENDENT_AT_LOCATION_INVESTMENT,Reveal,10,bool,,false,0.0
185,EFFECT_CHANGE_INDEPENDENT_AT_LOCATION_INVESTMENT,Set,9,bool,,false,0.0
186,EFFECT_CHANGE_INDEPENDENT_INVESTMENT,Amount,3,,,,
187,EFFECT_CITY_ACTIVATE_CONSTRUCTIBLE_ADJACENCY,ConstructibleAdjacency,47,,,,
188,EFFECT_CITY_ACTIVATE_CONSTRUCTIBLE_ADJACENCY,Tooltip,5,,,,
189,EFFECT_CITY_ACTIVATE_CONSTRUCTIBLE_WAREHOUSE_YIELD,ConstructibleWarehouseYield,40,,,,
190,EFFECT_CITY_ADD_FOOD_AFTER_GROWTH_EVENT,Percent,1,int,,,0.0
191,EFFECT_CITY_ADD_FOOD_AFTER_GROWTH_EVENT,Worker,1,bool,,,0.0
192,EFFECT_CITY_ADD_RESOURCE_TO_PLOT,ResourceType,3,,,,
193,EFFECT_CITY_ADJUST_ADJACENCY_FLAT_AMOUNT,Adjacency_YieldChange,30,,,,
194,EFFECT_CITY_ADJUST_ADJACENCY_FLAT_AMOUNT,Amount,30,,,,
195,EFFECT_CITY_ADJUST_ADJACENCY_FLAT_AMOUNT,Divisor,30,,,,
196,EFFECT_CITY_ADJUST_ADJACENCY_FLAT_AMOUNT,Tooltip,25,,,,
197,EFFECT_CITY_ADJUST_AVOID_RANDOM_EVENT,RandomEventClass,6,,,,
198,EFFECT_CITY_ADJUST_BIOME_WONDER_PRODUCTION_PER_RESOURCE,Amount,15,,,,
199,EFFECT_CITY_ADJUST_BIOME_WONDER_PRODUCTION_PER_RESOURCE,BiomeType,15,,,,
200,EFFECT_CITY_ADJUST_BIOME_WONDER_PRODUCTION_PER_RESOURCE,Empire,15,,,,
201,EFFECT_CITY_ADJUST_BIOME_WONDER_PRODUCTION_PER_RESOURCE,ResourceType,15,,,,
202,EFFECT_CITY_ADJUST_BUILDING_MAINTENANCE_EFFICIENCY,Amount,3,,,,0.0
203,EFFECT_CITY_ADJUST_BUILDING_MAINTENANCE_EFFICIENCY,Gold,3,,,,
204,EFFECT_CITY_ADJUST_BUILDING_MAINTENANCE_EFFICIENCY,Happiness,3,,,,
205,EFFECT_CITY_ADJUST_BUILDING_MAINTENANCE_EFFICIENCY,Tooltip,1,,,,
206,EFFECT_CITY_ADJUST_BUILDING_PRODUCTION_PRODUCTION_PER_LEGACY_POINT,ConstructibleType,2,,,,
207,EFFECT_CITY_ADJUST_BUILDING_PRODUCTION_PRODUCTION_PER_LEGACY_POINT,LegacyPathType,2,,,,
208,EFFECT_CITY_ADJUST_BUILDING_PRODUCTION_PRODUCTION_PER_LEGACY_POINT,Percent,2,,,,
209,EFFECT_CITY_ADJUST_CONSTRUCTIBLE_PRODUCTION,Apply,10,,,,
210,EFFECT_CITY_ADJUST_CONSTRUCTIBLE_PRODUCTION,ConstructibleClass,21,,,,
211,EFFECT_CITY_ADJUST_CONSTRUCTIBLE_PRODUCTION,ConstructibleType,83,,,,
212,EFFECT_CITY_ADJUST_CONSTRUCTIBLE_PRODUCTION,Percent,125,,,,
213,EFFECT_CITY_ADJUST_CONSTRUCTIBLE_PRODUCTION,Tag,16,,,,
214,EFFECT_CITY_ADJUST_CONSTRUCTIBLE_PRODUCTION,Tooltip,17,,,,
215,EFFECT_CITY_ADJUST_CONSTRUCTIBLE_PRODUCTION_PER_RESOURCE,Amount,6,,,,1.0
216,EFFECT_CITY_ADJUST_CONSTRUCTIBLE_PRODUCTION_PER_RESOURCE,ConstructibleClass,2,,,,0.0
217,EFFECT_CITY_ADJUST_CONSTRUCTIBLE_PRODUCTION_PER_RESOURCE,ConstructibleType,4,,,,0.0
218,EFFECT_CITY_ADJUST_CONSTRUCTIBLE_PRODUCTION_PER_RESOURCE,Empire,4,,,false,0.0
219,EFFECT_CITY_ADJUST_CONSTRUCTIBLE_PRODUCTION_PER_RESOURCE,PercentMultiplier,4,,,,
220,EFFECT_CITY_ADJUST_CONSTRUCTIBLE_PRODUCTION_PER_RESOURCE,ResourceType,6,,,,1.0
221,EFFECT_CITY_ADJUST_CONSTRUCTIBLE_PRODUCTION_PER_SLOTTED_RESOURCE,Amount,2,,,,1.0
222,EFFECT_CITY_ADJUST_CONSTRUCTIBLE_PRODUCTION_PER_SLOTTED_RESOURCE,ConstructibleClass,2,,,,0.0
223,EFFECT_CITY_ADJUST_CONSTRUCTIBLE_PRODUCTION_PER_SLOTTED_RESOURCE,ResourceType,2,,,,1.0
224,EFFECT_CITY_ADJUST_CONSTRUCTIBLE_PRODUCTION_PER_SUZERAIN_OF,CityStateType,2,,,,0.0
225,EFFECT_CITY_ADJUST_CONSTRUCTIBLE_PRODUCTION_PER_SUZERAIN_OF,ConstructibleClass,2,,,,0.0
226,EFFECT_CITY_ADJUST_CONSTRUCTIBLE_PRODUCTION_PER_SUZERAIN_OF,Percent,2,,,,1.0
227,EFFECT_CITY_ADJUST_CONSTRUCTIBLE_YIELD,AgeType,2,,,,
228,EFFECT_CITY_ADJUST_CONSTRUCTIBLE_YIELD,Amount,500,,,,
229,EFFECT_CITY_ADJUST_CONSTRUCTIBLE_YIELD,ConstructibleClass,12,,,,
230,EFFECT_CITY_ADJUST_CONSTRUCTIBLE_YIELD,ConstructibleType,410,,,,
231,EFFECT_CITY_ADJUST_CONSTRUCTIBLE_YIELD,Description,3,,,,
232,EFFECT_CITY_ADJUST_CONSTRUCTIBLE_YIELD,Tag,78,,,,
233,EFFECT_CITY_ADJUST_CONSTRUCTIBLE_YIELD,Tooltip,33,,,,
234,EFFECT_CITY_ADJUST_CONSTRUCTIBLE_YIELD,YieldType,500,,,,
235,EFFECT_CITY_ADJUST_CONSTRUCTIBLE_YIELD_PER_PLAYER_ALLIANCE,Amount,1,,,,
236,EFFECT_CITY_ADJUST_CONSTRUCTIBLE_YIELD_PER_PLAYER_ALLIANCE,ConstructibleType,1,,,,
237,EFFECT_CITY_ADJUST_CONSTRUCTIBLE_YIELD_PER_PLAYER_ALLIANCE,YieldType,1,,,,
238,EFFECT_CITY_ADJUST_CONSTRUCTIBLE_YIELD_PER_RESOURCE,Amount,8,,,,
239,EFFECT_CITY_ADJUST_CONSTRUCTIBLE_YIELD_PER_RESOURCE,ConstructibleType,1,,,,
240,EFFECT_CITY_ADJUST_CONSTRUCTIBLE_YIELD_PER_RESOURCE,ResourceType,5,,,,
241,EFFECT_CITY_ADJUST_CONSTRUCTIBLE_YIELD_PER_RESOURCE,Tag,4,,,,
242,EFFECT_CITY_ADJUST_CONSTRUCTIBLE_YIELD_PER_RESOURCE,YieldType,5,,,,
243,EFFECT_CITY_ADJUST_CONSTRUCTIBLE_YIELD_PER_SUZERAINED_CITY_STATE_TYPE,Amount,2,,,,
244,EFFECT_CITY_ADJUST_CONSTRUCTIBLE_YIELD_PER_SUZERAINED_CITY_STATE_TYPE,CityStateType,2,,,,
245,EFFECT_CITY_ADJUST_CONSTRUCTIBLE_YIELD_PER_SUZERAINED_CITY_STATE_TYPE,ConstructibleType,2,,,,
246,EFFECT_CITY_ADJUST_CONSTRUCTIBLE_YIELD_PER_SUZERAINED_CITY_STATE_TYPE,YieldType,2,,,,
247,EFFECT_CITY_ADJUST_FAVORED_WONDER_PRODUCTION,Percent,44,,,,
248,EFFECT_CITY_ADJUST_GOLDEN_AGE_OF_CONSTRUCTIBLE_YIELD,Amount,1,,,,
249,EFFECT_CITY_ADJUST_GOLDEN_AGE_OF_CONSTRUCTIBLE_YIELD,ConstructibleType,1,,,,
250,EFFECT_CITY_ADJUST_GOLDEN_AGE_OF_CONSTRUCTIBLE_YIELD,YieldType,1,,,,
251,EFFECT_CITY_ADJUST_GREAT_WORK_SLOTS,Amount,8,,,,0.0
252,EFFECT_CITY_ADJUST_GREAT_WORK_SLOTS,ConstructibleType,7,,,,0.0
253,EFFECT_CITY_ADJUST_GREAT_WORK_SLOTS,SlotType,5,,,GameCore::NO_GREATWORKSLOT,0.0
254,EFFECT_CITY_ADJUST_GREAT_WORK_SLOTS,Tag,1,,,,0.0
255,EFFECT_CITY_ADJUST_GROWTH,Percent,15,,,,
256,EFFECT_CITY_ADJUST_GROWTH,Tooltip,4,,,,
257,EFFECT_CITY_ADJUST_GROWTH_PER_RESOURCE,GlobalSlots,1,,,,
258,EFFECT_CITY_ADJUST_GROWTH_PER_RESOURCE,Percent,1,,,,
259,EFFECT_CITY_ADJUST_GROWTH_PER_RESOURCE,ResourceType,1,,,,
260,EFFECT_CITY_ADJUST_GROWTH_PER_WORKER,Max,1,,,,0.0
261,EFFECT_CITY_ADJUST_GROWTH_PER_WORKER,Percent,1,,,,0.0
262,EFFECT_CITY_ADJUST_OVERBUILD_PRODUCTION_MOD,Percent,4,int,,0,0.0
263,EFFECT_CITY_ADJUST_OVERBUILD_PRODUCTION_MOD,Tooltip,3,,,,
264,EFFECT_CITY_ADJUST_POPULATION,Amount,22,,,,
265,EFFECT_CITY_ADJUST_PROJECT_PRODUCTION,Percent,2,,,,
266,EFFECT_CITY_ADJUST_PROJECT_PRODUCTION_PER_LEGACY_POINT,LegacyPathType,2,,,,
267,EFFECT_CITY_ADJUST_PROJECT_PRODUCTION_PER_LEGACY_POINT,Percent,2,,,,
268,EFFECT_CITY_ADJUST_PROJECT_PRODUCTION_PER_LEGACY_POINT,ProjectType,2,,,,
269,EFFECT_CITY_ADJUST_RANDOM_EVENT_CONSTRUCTIBLE_YIELD,Amount,1,,,,
270,EFFECT_CITY_ADJUST_RANDOM_EVENT_CONSTRUCTIBLE_YIELD,ConstructibleType,1,,,,
271,EFFECT_CITY_ADJUST_RANDOM_EVENT_CONSTRUCTIBLE_YIELD,Tooltip,1,,,,
272,EFFECT_CITY_ADJUST_RANDOM_EVENT_CONSTRUCTIBLE_YIELD,YieldType,1,,,,
273,EFFECT_CITY_ADJUST_RAZE_RATE,Amount,1,,,,
274,EFFECT_CITY_ADJUST_RESOURCE_CAP,Amount,40,int,,,0.0
275,EFFECT_CITY_ADJUST_RESOURCE_CAP_PER_SUZERAIN,Amount,1,,,,
276,EFFECT_CITY_ADJUST_SPECIFIC_CONSTRUCTIBLE_MAINTENANCE,Amount,1,,,,
277,EFFECT_CITY_ADJUST_SPECIFIC_CONSTRUCTIBLE_MAINTENANCE,Tag,1,,,,
278,EFFECT_CITY_ADJUST_SPECIFIC_CONSTRUCTIBLE_MAINTENANCE,YieldType,1,,,,
279,EFFECT_CITY_ADJUST_SUZERAIN_OF_CONSTRUCTIBLE_YIELD,Amount,3,,,,
280,EFFECT_CITY_ADJUST_SUZERAIN_OF_CONSTRUCTIBLE_YIELD,ConstructibleType,3,,,,
281,EFFECT_CITY_ADJUST_SUZERAIN_OF_CONSTRUCTIBLE_YIELD,PercentMultiplier,1,,,,
282,EFFECT_CITY_ADJUST_SUZERAIN_OF_CONSTRUCTIBLE_YIELD,Tooltip,2,,,,
283,EFFECT_CITY_ADJUST_SUZERAIN_OF_CONSTRUCTIBLE_YIELD,YieldType,3,,,,
284,EFFECT_CITY_ADJUST_TOTAL_DISTRICT_HEALTH,Amount,1,,,,
285,EFFECT_CITY_ADJUST_TOWN_UPGRADE_DISCOUNT,Percent,12,,,,
286,EFFECT_CITY_ADJUST_TOWN_UPGRADE_DISCOUNT,RemoveCapturePenalty,1,,,,
287,EFFECT_CITY_ADJUST_TRADE_ROUTE_RANGE,Amount,24,int,,,0.0
288,EFFECT_CITY_ADJUST_TRADE_ROUTE_RANGE,DomainType,23,text,,,0.0
289,EFFECT_CITY_ADJUST_TRADE_ROUTE_RANGE,Tooltip,2,,,,
290,EFFECT_CITY_ADJUST_TRADE_ROUTE_RANGE_PER_SUZERAIN_OF,Amount,4,int,,,0.0
291,EFFECT_CITY_ADJUST_TRADE_ROUTE_RANGE_PER_SUZERAIN_OF,CityStateType,2,,,,
292,EFFECT_CITY_ADJUST_TRADE_ROUTE_RANGE_PER_SUZERAIN_OF,DomainType,2,text,,,0.0
293,EFFECT_CITY_ADJUST_TRADE_YIELD,Percent,13,,,,
294,EFFECT_CITY_ADJUST_TRADE_YIELD,Tooltip,11,,,,
295,EFFECT_CITY_ADJUST_TRADE_YIELD,YieldType,13,,,,
296,EFFECT_CITY_ADJUST_UNHAPPINESS_EFFECT,UnhappinessEffect,6,,,,1.0
297,EFFECT_CITY_ADJUST_UNIT_DOMAIN_PRODUCTION,DomainType,2,,,,
298,EFFECT_CITY_ADJUST_UNIT_DOMAIN_PRODUCTION,Percent,2,,,,
299,EFFECT_CITY_ADJUST_UNIT_PRODUCTION,AllowUniqueOverride,4,,,,
300,EFFECT_CITY_ADJUST_UNIT_PRODUCTION,Amount,1,int,,,0.0
301,EFFECT_CITY_ADJUST_UNIT_PRODUCTION,Apply,14,,,,
302,EFFECT_CITY_ADJUST_UNIT_PRODUCTION,Description,1,,,,
303,EFFECT_CITY_ADJUST_UNIT_PRODUCTION,Domain,5,text,,,0.0
304,EFFECT_CITY_ADJUST_UNIT_PRODUCTION,Percent,148,int,,,0.0
305,EFFECT_CITY_ADJUST_UNIT_PRODUCTION,Tooltip,7,,,,
306,EFFECT_CITY_ADJUST_UNIT_PRODUCTION,UnitClass,66,text,,,0.0
307,EFFECT_CITY_ADJUST_UNIT_PRODUCTION,UnitCoreClass,24,text,,,0.0
308,EFFECT_CITY_ADJUST_UNIT_PRODUCTION,UnitTag,1,,,,
309,EFFECT_CITY_ADJUST_UNIT_PRODUCTION,UnitType,46,database,KIND_UNIT,,0.0
310,EFFECT_CITY_ADJUST_UNIT_PRODUCTION,YieldType,4,,,,
311,EFFECT_CITY_ADJUST_UNIT_PRODUCTION_MOD_PER_SETTLEMENT,Percent,1,int,,,0.0
312,EFFECT_CITY_ADJUST_UNIT_PRODUCTION_MOD_PER_SETTLEMENT,Towns,1,,,,
313,EFFECT_CITY_ADJUST_UNIT_PRODUCTION_MOD_PER_SETTLEMENT,UnitClass,1,text,,,0.0
314,EFFECT_CITY_ADJUST_UNIT_PRODUCTION_PER_GREAT_WORK,Percent,1,int,,,0.0
315,EFFECT_CITY_ADJUST_UNIT_PRODUCTION_PER_GREAT_WORK,UnitTag,1,text,,,0.0
316,EFFECT_CITY_ADJUST_UNIT_PRODUCTION_PER_RESOURCE,Percent,3,int,,,0.0
317,EFFECT_CITY_ADJUST_UNIT_PRODUCTION_PER_RESOURCE,ResourceType,3,database,KIND_RESOURCE,,0.0
318,EFFECT_CITY_ADJUST_UNIT_PRODUCTION_PER_RESOURCE,UnitTag,1,text,,,0.0
319,EFFECT_CITY_ADJUST_UNIT_PRODUCTION_PER_SLOTTED_RESOURCE,Domain,2,text,,,0.0
320,EFFECT_CITY_ADJUST_UNIT_PRODUCTION_PER_SLOTTED_RESOURCE,Percent,2,int,,,0.0
321,EFFECT_CITY_ADJUST_UNIT_PRODUCTION_PER_SLOTTED_RESOURCE,ResourceType,2,database,KIND_RESOURCE,,0.0
322,EFFECT_CITY_ADJUST_WONDER_PRODUCTION,Percent,38,,,,
323,EFFECT_CITY_ADJUST_WORKER_CAP,Amount,10,int,,0,0.0
324,EFFECT_CITY_ADJUST_WORKER_MAINTENANCE_EFFICIENCY,Percent,10,,,,
325,EFFECT_CITY_ADJUST_WORKER_MAINTENANCE_EFFICIENCY,Tooltip,5,,,,
326,EFFECT_CITY_ADJUST_WORKER_MAINTENANCE_EFFICIENCY,YieldType,10,,,,
327,EFFECT_CITY_ADJUST_WORKER_YIELD,Amount,49,,,,
328,EFFECT_CITY_ADJUST_WORKER_YIELD,Description,1,,,,
329,EFFECT_CITY_ADJUST_WORKER_YIELD,Tooltip,14,,,,
330,EFFECT_CITY_ADJUST_WORKER_YIELD,YieldType,49,,,,
331,EFFECT_CITY_ADJUST_YIELD,Amount,234,,,,
332,EFFECT_CITY_ADJUST_YIELD,Apply,2,,,,
333,EFFECT_CITY_ADJUST_YIELD,Percent,61,,,,
334,EFFECT_CITY_ADJUST_YIELD,PercentMultiplier,12,,,,
335,EFFECT_CITY_ADJUST_YIELD,Tooltip,75,,,,
336,EFFECT_CITY_ADJUST_YIELD,YieldType,295,,,,
337,EFFECT_CITY_ADJUST_YIELDS_PER_SETTLEMENT_OVER_CAP,Amount,1,,,,1.0
338,EFFECT_CITY_ADJUST_YIELDS_PER_SETTLEMENT_OVER_CAP,MaxReduction,1,,,1000,0.0
339,EFFECT_CITY_ADJUST_YIELDS_PER_SETTLEMENT_OVER_CAP,ScaleByAge,1,,,,
340,EFFECT_CITY_ADJUST_YIELDS_PER_SETTLEMENT_OVER_CAP,YieldTypes,1,,,,1.0
341,EFFECT_CITY_ADJUST_YIELD_CONVERSION,FromYieldType,4,,,,
342,EFFECT_CITY_ADJUST_YIELD_CONVERSION,Percent,4,,,,
343,EFFECT_CITY_ADJUST_YIELD_CONVERSION,ToYieldType,4,,,,
344,EFFECT_CITY_ADJUST_YIELD_CONVERSION,Tooltip,2,,,,
345,EFFECT_CITY_ADJUST_YIELD_PER_ACTIVE_TRADITION,Amount,8,,,,
346,EFFECT_CITY_ADJUST_YIELD_PER_ACTIVE_TRADITION,CivUnique,8,,,,
347,EFFECT_CITY_ADJUST_YIELD_PER_ACTIVE_TRADITION,Invert,2,,,,
348,EFFECT_CITY_ADJUST_YIELD_PER_ACTIVE_TRADITION,PercentMultiplier,1,,,,
349,EFFECT_CITY_ADJUST_YIELD_PER_ACTIVE_TRADITION,Tooltip,4,,,,
350,EFFECT_CITY_ADJUST_YIELD_PER_ACTIVE_TRADITION,YieldType,8,,,,
351,EFFECT_CITY_ADJUST_YIELD_PER_ATTRIBUTE,Amount,6,int,,,1.0
352,EFFECT_CITY_ADJUST_YIELD_PER_ATTRIBUTE,AttributeType,6,database,KIND_ATTRIBUTE,,1.0
353,EFFECT_CITY_ADJUST_YIELD_PER_ATTRIBUTE,YieldType,6,database,KIND_YIELD,,1.0
354,EFFECT_CITY_ADJUST_YIELD_PER_AVAILABLE_RESOURCE_TYPE,Amount,27,,,,
355,EFFECT_CITY_ADJUST_YIELD_PER_AVAILABLE_RESOURCE_TYPE,Percent,3,,,,
356,EFFECT_CITY_ADJUST_YIELD_PER_AVAILABLE_RESOURCE_TYPE,PercentMultiplier,22,,,,
357,EFFECT_CITY_ADJUST_YIELD_PER_AVAILABLE_RESOURCE_TYPE,ResourceType,25,,,,
358,EFFECT_CITY_ADJUST_YIELD_PER_AVAILABLE_RESOURCE_TYPE,YieldType,25,,,,
359,EFFECT_CITY_ADJUST_YIELD_PER_CITY_STATE_TRADE_ROUTE,Amount,1,int,,,1.0
360,EFFECT_CITY_ADJUST_YIELD_PER_CITY_STATE_TRADE_ROUTE,YieldType,1,database,KIND_YIELD,,1.0
361,EFFECT_CITY_ADJUST_YIELD_PER_COMMANDER_LEVEL,Amount,5,,,,0.0
362,EFFECT_CITY_ADJUST_YIELD_PER_COMMANDER_LEVEL,YieldType,5,,,,0.0
363,EFFECT_CITY_ADJUST_YIELD_PER_CONNECTED_CITY,Amount,3,,,,
364,EFFECT_CITY_ADJUST_YIELD_PER_CONNECTED_CITY,YieldType,3,,,,
365,EFFECT_CITY_ADJUST_YIELD_PER_GREAT_WORK,Amount,22,int,,0,0.0
366,EFFECT_CITY_ADJUST_YIELD_PER_GREAT_WORK,MaxPercent,1,,,,
367,EFFECT_CITY_ADJUST_YIELD_PER_GREAT_WORK,Percent,1,int,,0,0.0
368,EFFECT_CITY_ADJUST_YIELD_PER_GREAT_WORK,Tooltip,10,,,,
369,EFFECT_CITY_ADJUST_YIELD_PER_GREAT_WORK,YieldType,22,database,KIND_YIELD,,0.0
370,EFFECT_CITY_ADJUST_YIELD_PER_NUM_CITIES,Amount,5,,,,
371,EFFECT_CITY_ADJUST_YIELD_PER_NUM_CITIES,Cities,3,,,,
372,EFFECT_CITY_ADJUST_YIELD_PER_NUM_CITIES,DistantLands,1,,,,
373,EFFECT_CITY_ADJUST_YIELD_PER_NUM_CITIES,Tooltip,4,,,,
374,EFFECT_CITY_ADJUST_YIELD_PER_NUM_CITIES,Towns,4,,,,
375,EFFECT_CITY_ADJUST_YIELD_PER_NUM_CITIES,YieldType,5,,,,
376,EFFECT_CITY_ADJUST_YIELD_PER_NUM_TRADE_ROUTES,Amount,5,,,,
377,EFFECT_CITY_ADJUST_YIELD_PER_NUM_TRADE_ROUTES,Tooltip,1,,,,
378,EFFECT_CITY_ADJUST_YIELD_PER_NUM_TRADE_ROUTES,YieldType,5,,,,
379,EFFECT_CITY_ADJUST_YIELD_PER_POPULATION,All,1,bool,,Literals::False,0.0
380,EFFECT_CITY_ADJUST_YIELD_PER_POPULATION,Amount,3,,,,
381,EFFECT_CITY_ADJUST_YIELD_PER_POPULATION,Divisor,3,,,,
382,EFFECT_CITY_ADJUST_YIELD_PER_POPULATION,Rural,2,bool,,Literals::False,0.0
383,EFFECT_CITY_ADJUST_YIELD_PER_POPULATION,Tooltip,3,,,,
384,EFFECT_CITY_ADJUST_YIELD_PER_POPULATION,Urban,2,bool,,Literals::False,0.0
385,EFFECT_CITY_ADJUST_YIELD_PER_POPULATION,YieldType,3,database,KIND_YIELD,,1.0
386,EFFECT_CITY_ADJUST_YIELD_PER_RESOURCE,Amount,109,,,,
387,EFFECT_CITY_ADJUST_YIELD_PER_RESOURCE,PercentMultiplier,92,,,,
388,EFFECT_CITY_ADJUST_YIELD_PER_RESOURCE,ResourceType,70,,,,
389,EFFECT_CITY_ADJUST_YIELD_PER_RESOURCE,Tooltip,14,,,,
390,EFFECT_CITY_ADJUST_YIELD_PER_RESOURCE,YieldType,92,,,,
391,EFFECT_CITY_ADJUST_YIELD_PER_RESOURCE_CLASS,Amount,3,,,,
392,EFFECT_CITY_ADJUST_YIELD_PER_RESOURCE_CLASS,ResourceClassType,3,,,,
393,EFFECT_CITY_ADJUST_YIELD_PER_RESOURCE_CLASS,Tooltip,2,,,,
394,EFFECT_CITY_ADJUST_YIELD_PER_RESOURCE_CLASS,Unassigned,1,,,,
395,EFFECT_CITY_ADJUST_YIELD_PER_RESOURCE_CLASS,YieldType,3,,,,
396,EFFECT_CITY_ADJUST_YIELD_PER_SURPLUS_HAPPINESS,Amount,8,,,,
397,EFFECT_CITY_ADJUST_YIELD_PER_SURPLUS_HAPPINESS,Divisor,8,,,,
398,EFFECT_CITY_ADJUST_YIELD_PER_SURPLUS_HAPPINESS,Tooltip,6,,,,
399,EFFECT_CITY_ADJUST_YIELD_PER_SURPLUS_HAPPINESS,YieldType,8,,,,
400,EFFECT_CITY_ADJUST_YIELD_PER_SUZERAIN,Amount,9,,,,
401,EFFECT_CITY_ADJUST_YIELD_PER_SUZERAIN,Tooltip,6,,,,
402,EFFECT_CITY_ADJUST_YIELD_PER_SUZERAIN,YieldType,9,,,,
403,EFFECT_CITY_ADJUST_YIELD_PER_SUZERAINED_CITY_STATE_TYPE,Amount,6,,,,
404,EFFECT_CITY_ADJUST_YIELD_PER_SUZERAINED_CITY_STATE_TYPE,CityStateType,2,,,,
405,EFFECT_CITY_ADJUST_YIELD_PER_SUZERAINED_CITY_STATE_TYPE,YieldType,2,,,,
406,EFFECT_CITY_ADJUST_YIELD_PER_UNDER_SETTLEMENT_CAP,Amount,2,int,,,1.0
407,EFFECT_CITY_ADJUST_YIELD_PER_UNDER_SETTLEMENT_CAP,YieldType,2,database,KIND_YIELD,,1.0
408,EFFECT_CITY_ADJUST_YIELD_PER_UNLOCKED_PROGRESSION_TREE_NODE,Amount,2,,,,
409,EFFECT_CITY_ADJUST_YIELD_PER_UNLOCKED_PROGRESSION_TREE_NODE,SystemType,2,,,,
410,EFFECT_CITY_ADJUST_YIELD_PER_UNLOCKED_PROGRESSION_TREE_NODE,YieldType,2,,,,
411,EFFECT_CITY_ADJUST_YIELD_WITH_DECAY,Percent,1,,,,
412,EFFECT_CITY_ADJUST_YIELD_WITH_DECAY,Scale,1,,,,0.0
413,EFFECT_CITY_ADJUST_YIELD_WITH_DECAY,TurnDecayPercent,1,,,,0.0
414,EFFECT_CITY_ADJUST_YIELD_WITH_DECAY,YieldType,1,,,,0.0
415,EFFECT_CITY_DAMAGE_CONSTRUCTIBLES,Amount,9,,,1,0.0
416,EFFECT_CITY_DAMAGE_CONSTRUCTIBLES,DamageType,9,,,DISASTER,0.0
417,EFFECT_CITY_GRANT_FREE_BUILDING,Amount,1,int,,1,0.0
418,EFFECT_CITY_GRANT_GREAT_WORK,Amount,9,,,,
419,EFFECT_CITY_GRANT_GREAT_WORK,ObjectType,5,,,,
420,EFFECT_CITY_GRANT_NATURAL_YIELDS,MinorRivers,1,,,,
421,EFFECT_CITY_GRANT_NATURAL_YIELDS,TerrainTypes,1,,,,
422,EFFECT_CITY_GRANT_NATURAL_YIELDS,Tooltip,2,,,,
423,EFFECT_CITY_GRANT_UNIT,AllowUniqueOverride,32,,,,
424,EFFECT_CITY_GRANT_UNIT,Amount,222,,,,
425,EFFECT_CITY_GRANT_UNIT,AttemptToForceSea,1,,,,
426,EFFECT_CITY_GRANT_UNIT,DefaultUnitType,4,,,,
427,EFFECT_CITY_GRANT_UNIT,DistrictType,2,,,,
428,EFFECT_CITY_GRANT_UNIT,DomainType,17,,,,
429,EFFECT_CITY_GRANT_UNIT,TreasureAmount,4,,,,
430,EFFECT_CITY_GRANT_UNIT,UnitTag,79,,,,
431,EFFECT_CITY_GRANT_UNIT,UnitType,143,,,,
432,EFFECT_CITY_GRANT_WAREHOUSE_YIELD,Tooltip,6,,,,
433,EFFECT_CITY_GRANT_WAREHOUSE_YIELD,WarehouseYieldChange,102,,,,
434,EFFECT_CITY_GRANT_YIELD,Amount,6,,,,
435,EFFECT_CITY_GRANT_YIELD,YieldType,6,,,,
436,EFFECT_CITY_GRANT_YIELD_DISCOVERY,MultiplierType,100,,,,
437,EFFECT_CITY_GRANT_YIELD_DISCOVERY,YieldType,100,,,,
438,EFFECT_CITY_GRANT_YIELD_PER_POP_DEFENSE_CONSTRUCTED,Amount,1,,,,
439,EFFECT_CITY_GRANT_YIELD_PER_POP_DEFENSE_CONSTRUCTED,YieldType,1,,,,
440,EFFECT_CITY_TRANSFER_OWNER,TransferType,1,,,NO_TRANSFER_TYPE,1.0
441,EFFECT_CITY_UNLOCK_PROJECT,ProjectType,5,,,,
442,EFFECT_CONSTRUCTIBLE_ADJUST_GREAT_WORK_SLOTS,Amount,1,,,,0.0
443,EFFECT_DAE_ADJUST_SETTLEMENT_YIELD,Percent,1,,,,
444,EFFECT_DAE_ADJUST_SETTLEMENT_YIELD,YieldType,1,database,,NO_YIELD,0.0
445,EFFECT_DAE_COMPLETE_GRANT_FAVORS_GRIEVANCES,EventType,3,text,,,0.0
446,EFFECT_DAE_COMPLETE_GRANT_FAVORS_GRIEVANCES,GrievancesAmount,4,int,,0,0.0
447,EFFECT_DAE_COMPLETE_IMPROVE_TRADE_RELATIONS,Amount,1,int,,1,0.0
448,EFFECT_DAE_COOPERATIVE_ATTACH_MODIFIER,InitialPlayerAccept,9,,,,0.0
449,EFFECT_DAE_COOPERATIVE_ATTACH_MODIFIER,InitialPlayerSupport,8,,,,0.0
450,EFFECT_DAE_COOPERATIVE_ATTACH_MODIFIER,TargetPlayerAccept,9,,,,0.0
451,EFFECT_DAE_COOPERATIVE_ATTACH_MODIFIER,TargetPlayerSupport,8,,,,0.0
452,EFFECT_DAE_DESCRIBE_GRANT_COOPERATIVE_YIELD,Amount,1,,,,
453,EFFECT_DAE_DESCRIBE_GRANT_COOPERATIVE_YIELD,EnvoyMultAmount,1,,,,
454,EFFECT_DAE_DESCRIBE_GRANT_COOPERATIVE_YIELD,TargetAmount,1,,,,
455,EFFECT_DAE_DESCRIBE_GRANT_COOPERATIVE_YIELD,TargetEnvoyMultAmount,1,,,,
456,EFFECT_DAE_DESCRIBE_GRANT_COOPERATIVE_YIELD,YieldType,1,,,,
457,EFFECT_DAE_DESCRIBE_GRANT_FAVORS_GRIEVANCES,GrievancesAmount,1,int,,0,0.0
458,EFFECT_DAE_DESCRIBE_IMPROVE_TRADE_RELATIONS,Amount,1,int,,1,0.0
459,EFFECT_DAE_ESPIONAGE_ADJUST_CITY_CONSTRUCTIBLE_PRODUCTION,ConstructibleType,1,,,,0.0
460,EFFECT_DAE_ESPIONAGE_ADJUST_CITY_CONSTRUCTIBLE_PRODUCTION,Percent,1,,,,
461,EFFECT_DAE_ESPIONAGE_ADJUST_CITY_PROJECT_PRODUCTION,Percent,1,,,,
462,EFFECT_DAE_ESPIONAGE_ADJUST_CITY_PROJECT_PRODUCTION,ProjectType,1,,,,0.0
463,EFFECT_DAE_ESPIONAGE_ATTACH_MODIFIER,TargetEspionageActionModifierName,2,,,,0.0
464,EFFECT_DAE_ESPIONAGE_DESTROY_TARGET_INFRASTRUCTURE,Amount,1,,,,
465,EFFECT_DAE_ESPIONAGE_DESTROY_TARGET_INFRASTRUCTURE,BuildingType,2,int,,NO_CONSTRUCTIBLE,0.0
466,EFFECT_DAE_ESPIONAGE_DESTROY_TARGET_INFRASTRUCTURE,DestroyAll,1,bool,,0,0.0
467,EFFECT_DAE_ESPIONAGE_DESTROY_TARGET_INFRASTRUCTURE,MostExpensive,1,,,,
468,EFFECT_DAE_ESPIONAGE_DESTROY_TARGET_INFRASTRUCTURE_WITH_RESOURCE_TYPE,DestroyAll,1,bool,,0,0.0
469,EFFECT_DAE_ESPIONAGE_DESTROY_TARGET_INFRASTRUCTURE_WITH_RESOURCE_TYPE,ResourceClassType,1,int,,NO_RESOURCECLASS,0.0
470,EFFECT_DAE_ESPIONAGE_SPAWN_TREASURE_FLEET,Amount,1,,,,
471,EFFECT_DAE_ESPIONAGE_STEAL_TREE_NODE,SystemType,2,database,KIND_SYSTEM,,0.0
472,EFFECT_DAE_FREE_CAPTURED_COMMANDER_CHANGE_INITIATOR_GOLD,RemoveGold,1,,,,
473,EFFECT_DAE_GRANT_COOPERATIVE_YIELD_SUPPORT_BASE_PER_TURN,Amount,14,int,,0,0.0
474,EFFECT_DAE_GRANT_COOPERATIVE_YIELD_SUPPORT_BASE_PER_TURN,AyalyzeNumTurns,9,int,,8,0.0
475,EFFECT_DAE_GRANT_COOPERATIVE_YIELD_SUPPORT_BASE_PER_TURN,BoostedSupportAmount,3,int,,0,0.0
476,EFFECT_DAE_GRANT_COOPERATIVE_YIELD_SUPPORT_BASE_PER_TURN,Percent,5,int,,0,0.0
477,EFFECT_DAE_GRANT_COOPERATIVE_YIELD_SUPPORT_BASE_PER_TURN,SupportAmount,10,int,,0,0.0
478,EFFECT_DAE_GRANT_COOPERATIVE_YIELD_SUPPORT_BASE_PER_TURN,TargetPercent,5,int,,0,0.0
479,EFFECT_DAE_GRANT_COOPERATIVE_YIELD_SUPPORT_BASE_PER_TURN,Tooltip,9,,,,
480,EFFECT_DAE_GRANT_COOPERATIVE_YIELD_SUPPORT_BASE_PER_TURN,YieldType,9,database,KIND_YIELD,,0.0
481,EFFECT_DAE_GRANT_YIELD_PER_RELATIONSHIP,AdjustByGameSpeed,1,,,,
482,EFFECT_DAE_GRANT_YIELD_PER_RELATIONSHIP,Amount,1,,,,
483,EFFECT_DAE_GRANT_YIELD_PER_RELATIONSHIP,YieldType,1,,,,
484,EFFECT_DAE_TARGET_ATTACH_MODIFIER,SupportEffectIsRemovable,1,,,,
485,EFFECT_DAE_TARGET_ATTACH_MODIFIER,TargetPlayerAccept,7,,,,0.0
486,EFFECT_DAE_TARGET_ATTACH_MODIFIER,TargetPlayerSupport,1,,,,0.0
487,EFFECT_DAE_TRADE_MAP,CapitalRadius,5,,,,0.0
488,EFFECT_DAE_TRADE_MAP,CityRadius,4,,,,0.0
489,EFFECT_DAE_TRADE_MAP,TownRadius,3,,,,0.0
490,EFFECT_DIPLOMACY_ADJUST_CITY_YIELD_PER_PLAYER_RELATIONSHIP,Percent,3,int,,0,0.0
491,EFFECT_DIPLOMACY_ADJUST_CITY_YIELD_PER_PLAYER_RELATIONSHIP,RelationshipType,1,,,,0.0
492,EFFECT_DIPLOMACY_ADJUST_CITY_YIELD_PER_PLAYER_RELATIONSHIP,Tooltip,1,,,,
493,EFFECT_DIPLOMACY_ADJUST_CITY_YIELD_PER_PLAYER_RELATIONSHIP,UseAlliances,2,bool,,false,0.0
494,EFFECT_DIPLOMACY_ADJUST_CITY_YIELD_PER_PLAYER_RELATIONSHIP,YieldType,3,database,KIND_YIELD,,0.0
495,EFFECT_DIPLOMACY_ADJUST_DIPLOMATIC_ACTION_TOKEN_BONUS,ActionType,27,,,,0.0
496,EFFECT_DIPLOMACY_ADJUST_DIPLOMATIC_ACTION_TOKEN_BONUS,Amount,27,,,,
497,EFFECT_DIPLOMACY_ADJUST_DIPLOMATIC_ACTION_TOKEN_BONUS,OnlyWhenInitiator,2,,,,0.0
498,EFFECT_DIPLOMACY_ADJUST_DIPLOMATIC_ACTION_TOKEN_BONUS,OnlyWhenTarget,2,,,,0.0
499,EFFECT_DIPLOMACY_ADJUST_DIPLOMATIC_ACTION_TYPE_EFFICIENCY,ActionGroupType,10,,,,0.0
500,EFFECT_DIPLOMACY_ADJUST_DIPLOMATIC_ACTION_TYPE_EFFICIENCY,ActionType,15,,,,0.0
501,EFFECT_DIPLOMACY_ADJUST_DIPLOMATIC_ACTION_TYPE_EFFICIENCY,DistantLandsTargets,1,,,,0.0
502,EFFECT_DIPLOMACY_ADJUST_DIPLOMATIC_ACTION_TYPE_EFFICIENCY,Percent,25,,,,
503,EFFECT_DIPLOMACY_ADJUST_DIPLOMATIC_ACTION_TYPE_EFFICIENCY_PER_GREAT_WORK,ActionGroupType,5,,,,0.0
504,EFFECT_DIPLOMACY_ADJUST_DIPLOMATIC_ACTION_TYPE_EFFICIENCY_PER_GREAT_WORK,GreatWorkObjectType,5,,,,0.0
505,EFFECT_DIPLOMACY_ADJUST_DIPLOMATIC_ACTION_TYPE_EFFICIENCY_PER_GREAT_WORK,Percent,5,,,,
506,EFFECT_DIPLOMACY_ADJUST_DIPLOMATIC_ACTION_TYPE_EFFICIENCY_PER_SUZERAINED_CITY_STATE_TYPE,ActionGroupType,2,,,,0.0
507,EFFECT_DIPLOMACY_ADJUST_DIPLOMATIC_ACTION_TYPE_EFFICIENCY_PER_SUZERAINED_CITY_STATE_TYPE,CityStateType,2,,,,
508,EFFECT_DIPLOMACY_ADJUST_DIPLOMATIC_ACTION_TYPE_EFFICIENCY_PER_SUZERAINED_CITY_STATE_TYPE,Percent,2,,,,
509,EFFECT_DIPLOMACY_ADJUST_DIPLOMATIC_RESPONSE_EFFICIENCY,ApplyToTarget,3,,,,
510,EFFECT_DIPLOMACY_ADJUST_DIPLOMATIC_RESPONSE_EFFICIENCY,Percent,3,,,,
511,EFFECT_DIPLOMACY_ADJUST_DIPLOMATIC_RESPONSE_EFFICIENCY,ResponseType,3,,,,
512,EFFECT_DIPLOMACY_ADJUST_RELATIONSHIP_GAIN_FROM_EVENT,EventType,61,,,,
513,EFFECT_DIPLOMACY_ADJUST_RELATIONSHIP_GAIN_FROM_EVENT,Percent,61,,,,
514,EFFECT_DIPLOMACY_ADJUST_RELATIONSHIP_GAIN_FROM_EVENT,Tooltip,52,,,,
515,EFFECT_DIPLOMACY_ADJUST_UNIT_MAINTENANCE_PER_PLAYER_RELATIONSHIP,Amount,1,int,,,0.0
516,EFFECT_DIPLOMACY_ADJUST_UNIT_MAINTENANCE_PER_PLAYER_RELATIONSHIP,UnitTag,1,text,,,0.0
517,EFFECT_DIPLOMACY_ADJUST_UNIT_MAINTENANCE_PER_PLAYER_RELATIONSHIP,UseAlliances,1,bool,,,0.0
518,EFFECT_DIPLOMACY_ADJUST_YIELD_PER_PLAYER_INVOLVED_ACTION,ActionGroupType,7,,,,
519,EFFECT_DIPLOMACY_ADJUST_YIELD_PER_PLAYER_INVOLVED_ACTION,Amount,8,,,,
520,EFFECT_DIPLOMACY_ADJUST_YIELD_PER_PLAYER_INVOLVED_ACTION,Tooltip,1,,,,
521,EFFECT_DIPLOMACY_ADJUST_YIELD_PER_PLAYER_INVOLVED_ACTION,YieldType,8,,,,
522,EFFECT_DIPLOMACY_ADJUST_YIELD_PER_PLAYER_RELATIONSHIP,Amount,12,,,,0.0
523,EFFECT_DIPLOMACY_ADJUST_YIELD_PER_PLAYER_RELATIONSHIP,Percent,1,,,,
524,EFFECT_DIPLOMACY_ADJUST_YIELD_PER_PLAYER_RELATIONSHIP,RelationshipType,8,,,,0.0
525,EFFECT_DIPLOMACY_ADJUST_YIELD_PER_PLAYER_RELATIONSHIP,Tooltip,4,,,,
526,EFFECT_DIPLOMACY_ADJUST_YIELD_PER_PLAYER_RELATIONSHIP,UseAlliances,5,,,,0.0
527,EFFECT_DIPLOMACY_ADJUST_YIELD_PER_PLAYER_RELATIONSHIP,YieldType,13,,,,0.0
528,EFFECT_DIPLOMACY_ADJUST_YIELD_PER_SANCTIONED_PLAYER,Amount,2,,,,
529,EFFECT_DIPLOMACY_ADJUST_YIELD_PER_SANCTIONED_PLAYER,YieldType,2,,,,
530,EFFECT_DIPLOMACY_AGENDA_ON_DISPERSE_IP,AwardAmtType,1,database,KIND_DIPLOMACY_AGENDA_AMOUNT_TYPE,,0.0
531,EFFECT_DIPLOMACY_AGENDA_ON_DISPERSE_IP,NotifyMessage,1,text,,LOC_NOTIFICATION_DIPLOMATIC_AGENDA_DEFAULT_MESSAGE,0.0
532,EFFECT_DIPLOMACY_AGENDA_ON_DISPERSE_IP,NotifySummary,1,text,,LOC_NOTIFICATION_DIPLOMATIC_AGENDA_DEFAULT_MESSAGE,0.0
533,EFFECT_DIPLOMACY_AGENDA_ON_WAR_START,AwardAmtTypeFormal,1,database,KIND_DIPLOMACY_AGENDA_AMOUNT_TYPE,,0.0
534,EFFECT_DIPLOMACY_AGENDA_ON_WAR_START,AwardAmtTypeSurprise,1,database,KIND_DIPLOMACY_AGENDA_AMOUNT_TYPE,,0.0
535,EFFECT_DIPLOMACY_AGENDA_ON_WAR_START,ModName,1,text,,,0.0
536,EFFECT_DIPLOMACY_AGENDA_ON_WAR_START,NotifyMessage,1,text,,LOC_NOTIFICATION_DIPLOMATIC_AGENDA_DEFAULT_MESSAGE,0.0
537,EFFECT_DIPLOMACY_AGENDA_ON_WAR_START,NotifySummary,1,text,,LOC_NOTIFICATION_DIPLOMATIC_AGENDA_DEFAULT_MESSAGE,0.0
538,EFFECT_DIPLOMACY_AGENDA_ON_WAR_START,Tooltip,1,,,,
539,EFFECT_DIPLOMACY_AGENDA_TIMED_UPDATE,ApplyToPlayers,4,bool,,false,0.0
540,EFFECT_DIPLOMACY_AGENDA_TIMED_UPDATE,Arg1,15,text,,,0.0
541,EFFECT_DIPLOMACY_AGENDA_TIMED_UPDATE,Arg2,6,text,,,0.0
542,EFFECT_DIPLOMACY_AGENDA_TIMED_UPDATE,Arg3,2,text,,,0.0
543,EFFECT_DIPLOMACY_AGENDA_TIMED_UPDATE,Arg4,3,text,,,0.0
544,EFFECT_DIPLOMACY_AGENDA_TIMED_UPDATE,AwardAmt1,4,int,,0,0.0
545,EFFECT_DIPLOMACY_AGENDA_TIMED_UPDATE,AwardAmt2,5,int,,0,0.0
546,EFFECT_DIPLOMACY_AGENDA_TIMED_UPDATE,AwardAmtType1,35,database,KIND_DIPLOMACY_AGENDA_AMOUNT_TYPE,,0.0
547,EFFECT_DIPLOMACY_AGENDA_TIMED_UPDATE,AwardAmtType2,32,database,KIND_DIPLOMACY_AGENDA_AMOUNT_TYPE,,0.0
548,EFFECT_DIPLOMACY_AGENDA_TIMED_UPDATE,AwardTo1,35,database,KIND_DIPLOMACY_AGENDA_AWARD_TO_TYPE,,0.0
549,EFFECT_DIPLOMACY_AGENDA_TIMED_UPDATE,AwardTo2,32,database,KIND_DIPLOMACY_AGENDA_AWARD_TO_TYPE,,0.0
550,EFFECT_DIPLOMACY_AGENDA_TIMED_UPDATE,FirstMeetDelay,35,int,,20,0.0
551,EFFECT_DIPLOMACY_AGENDA_TIMED_UPDATE,ModName,35,text,,,0.0
552,EFFECT_DIPLOMACY_AGENDA_TIMED_UPDATE,NotifyMessage,31,text,,LOC_NOTIFICATION_DIPLOMATIC_AGENDA_DEFAULT_MESSAGE,0.0
553,EFFECT_DIPLOMACY_AGENDA_TIMED_UPDATE,NotifySummary,31,text,,LOC_NOTIFICATION_DIPLOMATIC_AGENDA_DEFAULT_MESSAGE,0.0
554,EFFECT_DIPLOMACY_AGENDA_TIMED_UPDATE,ShowNotification,4,bool,,true,0.0
555,EFFECT_DIPLOMACY_AGENDA_TIMED_UPDATE,Tooltip,35,,,,
556,EFFECT_DIPLOMACY_AGENDA_TIMED_UPDATE,UpdateFreq,35,int,,10,0.0
557,EFFECT_DIPLOMACY_AGENDA_TIMED_UPDATE,WeightType,35,database,KIND_DIPLOMACY_AGENDA_WEIGHTING_TYPE,,0.0
558,EFFECT_DIPLOMACY_GRANT_DIPLOMATIC_ACTION,ActionType,23,,,,
559,EFFECT_DISTRICT_ADJUST_FORTIFIED_COMBAT_STRENGTH,Amount,3,,,,
560,EFFECT_DISTRICT_ADJUST_FORTIFIED_COMBAT_STRENGTH,Tooltip,1,,,,
561,EFFECT_DISTRICT_ADJUST_HEAL_PER_TURN,Amount,1,,,,
562,EFFECT_DISTRICT_ADJUST_TOTAL_HEALTH,Amount,12,,,,
563,EFFECT_ELEVATE_INDEPENDENT,Amount,1,,,,
564,EFFECT_ENABLE_RELIGION_AUTO_SPREAD_CONQUERED,Enable,1,,,,
565,EFFECT_ENABLE_RELIGION_AUTO_SPREAD_FOREIGN_HEMISPHERE,Enable,1,,,,
566,EFFECT_ENABLE_RELIGION_AUTO_SPREAD_TRADE_ROUTE,Enable,1,,,,
567,EFFECT_GRANT_ALL_PLAYERS_FAVORS_GRIEVANCES,FavorsAmount,1,int,,0,0.0
568,EFFECT_GRANT_ALL_PLAYERS_FAVORS_GRIEVANCES,FavorsEventType,1,database,KIND_DIPLOMACY_FAVOR_GRIEVANCE_EVENT,,0.0
569,EFFECT_GRANT_ALL_PLAYERS_FAVORS_GRIEVANCES,GrievancesAmount,2,int,,0,0.0
570,EFFECT_GRANT_ALL_PLAYERS_FAVORS_GRIEVANCES,GrievancesEventType,1,database,KIND_DIPLOMACY_FAVOR_GRIEVANCE_EVENT,,0.0
571,EFFECT_GRANT_BUILDING_IN_CITY_ADJACENT_TO_TERRAIN,AdjacentTerrainType,2,,,,
572,EFFECT_GRANT_BUILDING_IN_CITY_ADJACENT_TO_TERRAIN,BuildingType,2,,,,
573,EFFECT_GRANT_CITY_YIELD_BIOME,Amount,1,,,,
574,EFFECT_GRANT_CITY_YIELD_BIOME,BiomeType,1,,,,
575,EFFECT_GRANT_CITY_YIELD_BIOME,YieldType,1,,,,
576,EFFECT_GRANT_COMBAT_ADJACENCY,Enable,2,,,,
577,EFFECT_GRANT_DIPLOMATIC_ENVOYS,Amount,3,,,,
578,EFFECT_GRANT_DIPLOMATIC_ENVOYS,Tooltip,2,,,,
579,EFFECT_GRANT_EXHIBIT_GREAT_WORK,ArchaeologyAge,3,database,,,0.0
580,EFFECT_GRANT_EXHIBIT_GREAT_WORK,DetermineAge,1,,,,
581,EFFECT_GRANT_EXHIBIT_GREAT_WORK,MatchProvenance,3,database,,,0.0
582,EFFECT_GRANT_EXHIBIT_GREAT_WORK,ObjectType,3,database,KIND_GREATWORKOBJECT,,0.0
583,EFFECT_GRANT_EXHIBIT_GREAT_WORK,Provenance,3,database,KIND_GREATWORKSOURCE,,0.0
584,EFFECT_GRANT_GREAT_WORK,Amount,54,int,,,0.0
585,EFFECT_GRANT_GREAT_WORK,ArchaeologyAge,2,database,,,0.0
586,EFFECT_GRANT_GREAT_WORK,DetermineAge,12,bool,,,0.0
587,EFFECT_GRANT_GREAT_WORK,GreatWork,35,,,,
588,EFFECT_GRANT_GREAT_WORK,ObjectType,46,database,KIND_GREATWORKOBJECT,,0.0
589,EFFECT_GRANT_GREAT_WORK,Provenance,12,database,KIND_GREATWORKSOURCE,,0.0
590,EFFECT_GRANT_PRODUCTION_IN_CITY,Amount,3,,,,
591,EFFECT_GRANT_PRODUCTION_IN_CITY,KeepOverflow,3,,,,
592,EFFECT_GRANT_RETURNED_CITIES_BONUS,Amount,1,,,,
593,EFFECT_GRANT_RETURNED_CITIES_BONUS,YieldType,1,,,,
594,EFFECT_GRANT_REVEAL_TYPE,RevealType,2,,,,
595,EFFECT_GRANT_SUPPORT_RESPONSE_BONUS,Amount,2,,,,
596,EFFECT_GRANT_SUPPORT_RESPONSE_BONUS,YieldToTarget,2,,,,0.0
597,EFFECT_GRANT_SUPPORT_RESPONSE_BONUS,YieldType,2,,,,0.0
598,EFFECT_GRANT_UNIT_ABILITY_CHARGE,Amount,14,,,,
599,EFFECT_GRANT_UNIT_ABILITY_CHARGE,ChargedAbilityType,14,,,,
600,EFFECT_GRANT_UNIT_EXPERIENCE,Amount,11,int,,0,0.0
601,EFFECT_GRANT_UNIT_OF_CLASS_AND_APPLY_ABILITY,Amount,6,,,,
602,EFFECT_GRANT_UNIT_OF_CLASS_AND_APPLY_ABILITY,UnitAbilityType,6,,,,
603,EFFECT_GRANT_UNIT_OF_CLASS_AND_APPLY_ABILITY,UnitTag,5,,,,
604,EFFECT_GRANT_UNIT_OF_CLASS_AND_APPLY_ABILITY,UnitType,1,,,,
605,EFFECT_GRANT_UNIT_ON_SUCCESSFUL_UNDETECTED_ESPIONAGE_ACTION,UnitType,1,,,,
606,EFFECT_GRANT_UNIT_PROMOTION,Amount,28,int,,0,0.0
607,EFFECT_GRANT_UNIT_PROMOTION,GrantFreeReplacement,1,bool,,false,0.0
608,EFFECT_GRANT_UNIT_PROMOTION,UnitPromotionDisciplineType,11,,,,
609,EFFECT_GRANT_UNIT_PROMOTION,UnitPromotionType,11,database,KIND_PROMOTION,,0.0
610,EFFECT_GRANT_UNIT_RESPAWN_CHARGE,Amount,3,,,,
611,EFFECT_GRANT_UNIT_RESPAWN_CHARGE,Health,3,,,,
612,EFFECT_GRANT_UNIT_RESPAWN_CHARGE,TurnTimer,3,,,,
613,EFFECT_GRANT_UNIT_YIELD_ADJACENT_NATURAL_WONDERS,Amount,1,,,,
614,EFFECT_GRANT_UNIT_YIELD_ADJACENT_NATURAL_WONDERS,YieldType,1,,,,
615,EFFECT_GRANT_UNIT_YIELD_PER_RESOURCES_IN_CITY,Amount,1,,,,
616,EFFECT_GRANT_UNIT_YIELD_PER_RESOURCES_IN_CITY,YieldType,1,,,,
617,EFFECT_GRANT_UNIT_YIELD_PROMOTION,Amount,1,,,,
618,EFFECT_GRANT_UNIT_YIELD_PROMOTION,YieldType,1,,,,
619,EFFECT_GRANT_UNIT_YIELD_RIVER_LENGTH,Amount,2,,,,
620,EFFECT_GRANT_UNIT_YIELD_RIVER_LENGTH,YieldType,2,,,,
621,EFFECT_GRANT_WALLS,Amount,9,,,,1.0
622,EFFECT_GRANT_WALLS,BuildingType,10,,,,1.0
623,EFFECT_GRANT_YIELD_FOR_GREAT_WORK,Amount,1,,,,
624,EFFECT_GRANT_YIELD_FOR_GREAT_WORK,YieldType,1,,,,
625,EFFECT_GRANT_YIELD_PER_XP_EARNED,Amount,3,,,,
626,EFFECT_GRANT_YIELD_PER_XP_EARNED,YieldType,3,,,,
627,EFFECT_METAPROGRESSION_COMPLETE_CHALLENGE,Challenge,446,text,,,0.0
628,EFFECT_METAPROGRESSION_SEND_EVENT,Event,510,text,,,0.0
629,EFFECT_METAPROGRESSION_SEND_EVENT,Parameters,492,text,,,0.0
630,EFFECT_MODIFY_CITY_YIELD_FOR_X_TURNS,ReductionPercent,13,bool,,0,0.0
631,EFFECT_MODIFY_CITY_YIELD_FOR_X_TURNS,Turns,13,int,,1,0.0
632,EFFECT_MODIFY_CITY_YIELD_FOR_X_TURNS,YieldType,13,database,KIND_YIELD,,0.0
633,EFFECT_MODIFY_PLAYER_TRADE_YIELD_CONVERSION,FromYieldType,2,database,KIND_YIELD,,0.0
634,EFFECT_MODIFY_PLAYER_TRADE_YIELD_CONVERSION,Percent,2,int,,100,0.0
635,EFFECT_MODIFY_PLAYER_TRADE_YIELD_CONVERSION,ToYieldType,2,database,KIND_YIELD,,0.0
636,EFFECT_MODIFY_PLAYER_TRADE_YIELD_CONVERSION,Tooltip,2,,,,
637,EFFECT_MODIFY_PLAYER_YIELD_FOR_X_TURNS,ReductionPercent,65,bool,,0,0.0
638,EFFECT_MODIFY_PLAYER_YIELD_FOR_X_TURNS,Turns,65,int,,1,0.0
639,EFFECT_MODIFY_PLAYER_YIELD_FOR_X_TURNS,YieldType,65,database,KIND_YIELD,,0.0
640,EFFECT_PLAYER_ADD_GOLDEN_AGE_CHOICE,GoldenAgeType,4,database,KIND_GOLDEN_AGE,,0.0
641,EFFECT_PLAYER_ADD_YIELD_DEBT_NARRATIVE,MultiplierType,50,,,,
642,EFFECT_PLAYER_ADD_YIELD_DEBT_NARRATIVE,YieldType,50,,,,
643,EFFECT_PLAYER_ADJUST_AGE_PROGRESS,Amount,6,,,,
644,EFFECT_PLAYER_ADJUST_AGE_PROGRESS,HumanOnly,6,bool,,,0.0
645,EFFECT_PLAYER_ADJUST_AGE_PROGRESS,eventType,6,text,,,0.0
646,EFFECT_PLAYER_ADJUST_ARTIFACT_EXTRACTION_SPEED,Percent,1,,,,0.0
647,EFFECT_PLAYER_ADJUST_CONSTRUCTIBLE_YIELD,Amount,72,,,,
648,EFFECT_PLAYER_ADJUST_CONSTRUCTIBLE_YIELD,ConstructibleClass,5,,,,
649,EFFECT_PLAYER_ADJUST_CONSTRUCTIBLE_YIELD,ConstructibleType,23,,,,
650,EFFECT_PLAYER_ADJUST_CONSTRUCTIBLE_YIELD,Tag,44,,,,
651,EFFECT_PLAYER_ADJUST_CONSTRUCTIBLE_YIELD,Tooltip,20,,,,
652,EFFECT_PLAYER_ADJUST_CONSTRUCTIBLE_YIELD,YieldType,72,,,,
653,EFFECT_PLAYER_ADJUST_CONSTRUCTIBLE_YIELD_BY_ATTRIBUTE,Amount,1,,,,
654,EFFECT_PLAYER_ADJUST_CONSTRUCTIBLE_YIELD_BY_ATTRIBUTE,AttributeType,1,,,,
655,EFFECT_PLAYER_ADJUST_CONSTRUCTIBLE_YIELD_BY_ATTRIBUTE,ConstructibleType,1,,,,
656,EFFECT_PLAYER_ADJUST_CONSTRUCTIBLE_YIELD_BY_ATTRIBUTE,Tooltip,1,,,,
657,EFFECT_PLAYER_ADJUST_CONSTRUCTIBLE_YIELD_BY_ATTRIBUTE,YieldType,1,,,,
658,EFFECT_PLAYER_ADJUST_GOLDEN_AGE_DURATION,Percent,4,int,,0,0.0
659,EFFECT_PLAYER_ADJUST_GOLDEN_AGE_DURATION,Tooltip,3,text,,,0.0
660,EFFECT_PLAYER_ADJUST_LEGACY_PATH_GREAT_WORK_SCORING,GreatWorkObjectType,3,,,,0.0
661,EFFECT_PLAYER_ADJUST_LEGACY_PATH_GREAT_WORK_SCORING,LegacyPathType,3,database,KIND_LEGACY_PATH,,0.0
662,EFFECT_PLAYER_ADJUST_LEGACY_PATH_GREAT_WORK_SCORING,VP,3,bool,,,0.0
663,EFFECT_PLAYER_ADJUST_LEGACY_PATH_HIGH_YIELD_DISTRICT_SCORING,LegacyPathType,1,database,KIND_LEGACY_PATH,,0.0
664,EFFECT_PLAYER_ADJUST_LEGACY_PATH_HIGH_YIELD_DISTRICT_SCORING,VP,1,bool,,,0.0
665,EFFECT_PLAYER_ADJUST_LEGACY_PATH_HIGH_YIELD_DISTRICT_SCORING,YieldNeeded,1,int,,,0.0
666,EFFECT_PLAYER_ADJUST_LEGACY_PATH_RESOURCE_SCORING,CitiesOnly,1,bool,,,0.0
667,EFFECT_PLAYER_ADJUST_LEGACY_PATH_RESOURCE_SCORING,LegacyPathType,1,database,KIND_LEGACY_PATH,,0.0
668,EFFECT_PLAYER_ADJUST_LEGACY_PATH_RESOURCE_SCORING,VP,1,bool,,,0.0
669,EFFECT_PLAYER_ADJUST_LEGACY_PATH_SETTLEMENT_COUNT_SCORING,Conquest,5,bool,,,0.0
670,EFFECT_PLAYER_ADJUST_LEGACY_PATH_SETTLEMENT_COUNT_SCORING,DistantLands,6,bool,,,0.0
671,EFFECT_PLAYER_ADJUST_LEGACY_PATH_SETTLEMENT_COUNT_SCORING,FollowsReligion,4,bool,,,0.0
672,EFFECT_PLAYER_ADJUST_LEGACY_PATH_SETTLEMENT_COUNT_SCORING,LegacyPathType,10,database,KIND_LEGACY_PATH,,0.0
673,EFFECT_PLAYER_ADJUST_LEGACY_PATH_SETTLEMENT_COUNT_SCORING,NonConquest,5,bool,,,0.0
674,EFFECT_PLAYER_ADJUST_LEGACY_PATH_SETTLEMENT_COUNT_SCORING,VP,10,bool,,,0.0
675,EFFECT_PLAYER_ADJUST_LEGACY_PATH_SETTLEMENT_SCORING,Conquer,3,bool,,,0.0
676,EFFECT_PLAYER_ADJUST_LEGACY_PATH_SETTLEMENT_SCORING,HaveIdeology,2,bool,,,0.0
677,EFFECT_PLAYER_ADJUST_LEGACY_PATH_SETTLEMENT_SCORING,LegacyPathType,6,database,KIND_LEGACY_PATH,,0.0
678,EFFECT_PLAYER_ADJUST_LEGACY_PATH_SETTLEMENT_SCORING,OncePerLocation,6,bool,,,0.0
679,EFFECT_PLAYER_ADJUST_LEGACY_PATH_SETTLEMENT_SCORING,OpposingIdeology,2,bool,,,0.0
680,EFFECT_PLAYER_ADJUST_LEGACY_PATH_SETTLEMENT_SCORING,Reacquire,3,bool,,,0.0
681,EFFECT_PLAYER_ADJUST_LEGACY_PATH_SETTLEMENT_SCORING,VP,6,bool,,,0.0
682,EFFECT_PLAYER_ADJUST_LEGACY_PATH_WONDER_SCORING,LegacyPathType,1,database,KIND_LEGACY_PATH,,0.0
683,EFFECT_PLAYER_ADJUST_LEGACY_PATH_WONDER_SCORING,Reversible,1,bool,,,0.0
684,EFFECT_PLAYER_ADJUST_LEGACY_PATH_WONDER_SCORING,VP,1,bool,,,0.0
685,EFFECT_PLAYER_ADJUST_PROGRESSION_TREE_EFFICIENCY,Percent,3,,,,
686,EFFECT_PLAYER_ADJUST_PROGRESSION_TREE_EFFICIENCY,ProgressionTreeNodeType,1,,,,0.0
687,EFFECT_PLAYER_ADJUST_PROGRESSION_TREE_EFFICIENCY,SystemType,3,,,,0.0
688,EFFECT_PLAYER_ADJUST_PROGRESSION_TREE_MASTERY_EFFICIENCY,Percent,4,,,,
689,EFFECT_PLAYER_ADJUST_PROGRESSION_TREE_MASTERY_EFFICIENCY,SystemType,4,,,,
690,EFFECT_PLAYER_ADJUST_PURCHASE_EFFICIENCY_PER_RESOURCE,AffectBuildings,1,,,,
691,EFFECT_PLAYER_ADJUST_PURCHASE_EFFICIENCY_PER_RESOURCE,AffectUnits,1,,,,
692,EFFECT_PLAYER_ADJUST_PURCHASE_EFFICIENCY_PER_RESOURCE,Percent,2,,,,
693,EFFECT_PLAYER_ADJUST_PURCHASE_EFFICIENCY_PER_RESOURCE,ResourceType,2,,,,
694,EFFECT_PLAYER_ADJUST_SETTLEMENT_CAP,Ageless,4,,,,0.0
695,EFFECT_PLAYER_ADJUST_SETTLEMENT_CAP,Amount,20,,,,0.0
696,EFFECT_PLAYER_ADJUST_SETTLEMENT_CAP,Minimum,1,,,,0.0
697,EFFECT_PLAYER_ADJUST_SETTLEMENT_CAP,Tooltip,1,,,,
698,EFFECT_PLAYER_ADJUST_TRADE_CAPACITY,Amount,4,int,,0,0.0
699,EFFECT_PLAYER_ADJUST_TRADE_CAPACITY,MajorsOnly,4,bool,,false,0.0
700,EFFECT_PLAYER_ADJUST_UNIT_CAPTURE_ADDITIONAL_BOOTY,Amount,1,int,,,0.0
701,EFFECT_PLAYER_ADJUST_UNIT_EXTRA_COPY,Amount,5,int,,,0.0
702,EFFECT_PLAYER_ADJUST_UNIT_EXTRA_COPY,PurchaseValid,4,bool,,False,0.0
703,EFFECT_PLAYER_ADJUST_UNIT_EXTRA_COPY,Tag,5,text,,,0.0
704,EFFECT_PLAYER_ADJUST_UNIT_MAINTENANCE_EFFICIENCY,Amount,19,,,,
705,EFFECT_PLAYER_ADJUST_UNIT_MAINTENANCE_EFFICIENCY,Percent,1,,,,
706,EFFECT_PLAYER_ADJUST_UNIT_MAINTENANCE_EFFICIENCY,Tooltip,6,,,,
707,EFFECT_PLAYER_ADJUST_UNIT_MAINTENANCE_EFFICIENCY,UnitClass,1,,,,
708,EFFECT_PLAYER_ADJUST_UNIT_MAINTENANCE_EFFICIENCY,UnitDomain,4,,,,
709,EFFECT_PLAYER_ADJUST_UNIT_MAINTENANCE_EFFICIENCY,UnitTag,11,,,,
710,EFFECT_PLAYER_ADJUST_UNIT_MAINTENANCE_EFFICIENCY,YieldType,1,,,,
711,EFFECT_PLAYER_ADJUST_UNIT_PRODUCTION_PER_GREAT_WORK,GreatWorkObjectType,1,database,KIND_GREATWORKOBJECT,,0.0
712,EFFECT_PLAYER_ADJUST_UNIT_PRODUCTION_PER_GREAT_WORK,Percent,1,int,,,0.0
713,EFFECT_PLAYER_ADJUST_UNIT_PRODUCTION_PER_GREAT_WORK,UnitTag,1,text,,,0.0
714,EFFECT_PLAYER_ADJUST_UNIT_PRODUCTION_PER_OTHER_UNIT_TYPE,Domain,1,text,,,0.0
715,EFFECT_PLAYER_ADJUST_UNIT_PRODUCTION_PER_OTHER_UNIT_TYPE,Percent,1,int,,,0.0
716,EFFECT_PLAYER_ADJUST_UNIT_PRODUCTION_PER_OTHER_UNIT_TYPE,UnitTypeMultiplier,1,database,KIND_UNIT,,0.0
717,EFFECT_PLAYER_ADJUST_UNIT_PRODUCTION_PER_RESOURCE,Domain,1,text,,,0.0
718,EFFECT_PLAYER_ADJUST_UNIT_PRODUCTION_PER_RESOURCE,Percent,3,int,,,0.0
719,EFFECT_PLAYER_ADJUST_UNIT_PRODUCTION_PER_RESOURCE,ResourceType,2,database,KIND_RESOURCE,,0.0
720,EFFECT_PLAYER_ADJUST_UNIT_PRODUCTION_PER_RESOURCE,UnitClass,1,text,,,0.0
721,EFFECT_PLAYER_ADJUST_YIELD,Amount,27,,,,
722,EFFECT_PLAYER_ADJUST_YIELD,Percent,41,,,,
723,EFFECT_PLAYER_ADJUST_YIELD,PercentMultiplier,1,,,,
724,EFFECT_PLAYER_ADJUST_YIELD,Tooltip,28,,,,
725,EFFECT_PLAYER_ADJUST_YIELD,YieldType,68,,,,
726,EFFECT_PLAYER_ADJUST_YIELD_CONVERSION,FromYieldType,1,,,,
727,EFFECT_PLAYER_ADJUST_YIELD_CONVERSION,Percent,1,,,,
728,EFFECT_PLAYER_ADJUST_YIELD_CONVERSION,ToYieldType,1,,,,
729,EFFECT_PLAYER_ADJUST_YIELD_FOR_BECOMING_SUZERAIN,Amount,1,,,,0.0
730,EFFECT_PLAYER_ADJUST_YIELD_FOR_BECOMING_SUZERAIN,YieldType,1,,,,0.0
731,EFFECT_PLAYER_ADJUST_YIELD_FOR_COMPLETING_NARRATIVE_EVENTS,Amount,6,int,,0,0.0
732,EFFECT_PLAYER_ADJUST_YIELD_FOR_COMPLETING_NARRATIVE_EVENTS,Tooltip,5,,,,
733,EFFECT_PLAYER_ADJUST_YIELD_FOR_COMPLETING_NARRATIVE_EVENTS,YieldType,6,database,KIND_YIELD,,0.0
734,EFFECT_PLAYER_ADJUST_YIELD_FOR_GOLDEN_AGE_START,Amount,1,int,,0,0.0
735,EFFECT_PLAYER_ADJUST_YIELD_FOR_GOLDEN_AGE_START,YieldType,1,database,KIND_YIELD,,0.0
736,EFFECT_PLAYER_ADJUST_YIELD_FROM_DISTATERS,Amount,5,,,,
737,EFFECT_PLAYER_ADJUST_YIELD_FROM_DISTATERS,Tooltip,2,,,,
738,EFFECT_PLAYER_ADJUST_YIELD_FROM_DISTATERS,YieldType,5,,,,
739,EFFECT_PLAYER_ADJUST_YIELD_PER_ACTIVE_TRADITION,Amount,5,,,,
740,EFFECT_PLAYER_ADJUST_YIELD_PER_ACTIVE_TRADITION,CivUnique,4,,,,
741,EFFECT_PLAYER_ADJUST_YIELD_PER_ACTIVE_TRADITION,Invert,3,,,,
742,EFFECT_PLAYER_ADJUST_YIELD_PER_ACTIVE_TRADITION,Tooltip,1,,,,
743,EFFECT_PLAYER_ADJUST_YIELD_PER_ACTIVE_TRADITION,YieldType,5,,,,
744,EFFECT_PLAYER_ADJUST_YIELD_PER_ATTRIBUTE_AND_ALLIANCES,Amount,1,int,,,1.0
745,EFFECT_PLAYER_ADJUST_YIELD_PER_ATTRIBUTE_AND_ALLIANCES,AttributeType,1,database,KIND_ATTRIBUTE,,1.0
746,EFFECT_PLAYER_ADJUST_YIELD_PER_ATTRIBUTE_AND_ALLIANCES,Divisor,1,int,,1,0.0
747,EFFECT_PLAYER_ADJUST_YIELD_PER_ATTRIBUTE_AND_ALLIANCES,Tooltip,1,,,,
748,EFFECT_PLAYER_ADJUST_YIELD_PER_ATTRIBUTE_AND_ALLIANCES,YieldType,1,database,KIND_YIELD,,1.0
749,EFFECT_PLAYER_ADJUST_YIELD_PER_COMMANDER_LEVEL,Amount,2,,,,0.0
750,EFFECT_PLAYER_ADJUST_YIELD_PER_COMMANDER_LEVEL,YieldType,2,,,,0.0
751,EFFECT_PLAYER_ADJUST_YIELD_PER_COMPLETED_MASTERY,Amount,3,,,,
752,EFFECT_PLAYER_ADJUST_YIELD_PER_COMPLETED_MASTERY,SystemType,3,,,,
753,EFFECT_PLAYER_ADJUST_YIELD_PER_COMPLETED_MASTERY,Tooltip,3,,,,
754,EFFECT_PLAYER_ADJUST_YIELD_PER_COMPLETED_MASTERY,YieldType,3,,,,
755,EFFECT_PLAYER_ADJUST_YIELD_PER_CONQUERED_CITY,Amount,1,,,,
756,EFFECT_PLAYER_ADJUST_YIELD_PER_CONQUERED_CITY,Tooltip,1,,,,
757,EFFECT_PLAYER_ADJUST_YIELD_PER_CONQUERED_CITY,YieldType,1,,,,
758,EFFECT_PLAYER_ADJUST_YIELD_PER_CONQUERED_SETTLEMENT,Amount,1,,,,
759,EFFECT_PLAYER_ADJUST_YIELD_PER_CONQUERED_SETTLEMENT,Tooltip,1,,,,
760,EFFECT_PLAYER_ADJUST_YIELD_PER_CONQUERED_SETTLEMENT,YieldType,1,,,,
761,EFFECT_PLAYER_ADJUST_YIELD_PER_NUM_CITIES,Amount,1,,,,
762,EFFECT_PLAYER_ADJUST_YIELD_PER_NUM_CITIES,Cities,1,,,,
763,EFFECT_PLAYER_ADJUST_YIELD_PER_NUM_CITIES,Tooltip,1,,,,
764,EFFECT_PLAYER_ADJUST_YIELD_PER_NUM_CITIES,Towns,1,,,,
765,EFFECT_PLAYER_ADJUST_YIELD_PER_NUM_CITIES,YieldType,1,,,,
766,EFFECT_PLAYER_ADJUST_YIELD_PER_NUM_CIVS_TRADING_WITH,Percent,1,,,,
767,EFFECT_PLAYER_ADJUST_YIELD_PER_NUM_CIVS_TRADING_WITH,Tooltip,1,,,,
768,EFFECT_PLAYER_ADJUST_YIELD_PER_NUM_CIVS_TRADING_WITH,YieldType,1,,,,
769,EFFECT_PLAYER_ADJUST_YIELD_PER_NUM_TRADE_ROUTES,Amount,20,,,,
770,EFFECT_PLAYER_ADJUST_YIELD_PER_NUM_TRADE_ROUTES,Imported,2,,,,
771,EFFECT_PLAYER_ADJUST_YIELD_PER_NUM_TRADE_ROUTES,Tooltip,13,,,,
772,EFFECT_PLAYER_ADJUST_YIELD_PER_NUM_TRADE_ROUTES,YieldType,20,,,,
773,EFFECT_PLAYER_ADJUST_YIELD_PER_NUM_TRADE_ROUTES_AND_SUZERAINED_TYPE,Amount,3,,,,
774,EFFECT_PLAYER_ADJUST_YIELD_PER_NUM_TRADE_ROUTES_AND_SUZERAINED_TYPE,CityStateType,1,,,,
775,EFFECT_PLAYER_ADJUST_YIELD_PER_NUM_TRADE_ROUTES_AND_SUZERAINED_TYPE,Tooltip,3,,,,
776,EFFECT_PLAYER_ADJUST_YIELD_PER_NUM_TRADE_ROUTES_AND_SUZERAINED_TYPE,YieldType,1,,,,
777,EFFECT_PLAYER_ADJUST_YIELD_PER_PROPERTY_VALUE,Multiplier,2,,,,
778,EFFECT_PLAYER_ADJUST_YIELD_PER_PROPERTY_VALUE,PropertyName,2,,,,
779,EFFECT_PLAYER_ADJUST_YIELD_PER_PROPERTY_VALUE,YieldType,2,,,,
780,EFFECT_PLAYER_ADJUST_YIELD_PER_RAZED_SETTLEMENT,Amount,1,,,,0.0
781,EFFECT_PLAYER_ADJUST_YIELD_PER_RAZED_SETTLEMENT,Tooltip,1,,,,
782,EFFECT_PLAYER_ADJUST_YIELD_PER_RAZED_SETTLEMENT,YieldType,1,,,,0.0
783,EFFECT_PLAYER_ADJUST_YIELD_PER_RESOURCE,Amount,18,,,,
784,EFFECT_PLAYER_ADJUST_YIELD_PER_RESOURCE,Imported,12,bool,,,0.0
785,EFFECT_PLAYER_ADJUST_YIELD_PER_RESOURCE,Tooltip,10,,,,
786,EFFECT_PLAYER_ADJUST_YIELD_PER_RESOURCE,Unassigned,2,bool,,,0.0
787,EFFECT_PLAYER_ADJUST_YIELD_PER_RESOURCE,YieldType,14,,,,
788,EFFECT_PLAYER_ADJUST_YIELD_PER_RESOURCE_TYPE,Amount,4,,,,
789,EFFECT_PLAYER_ADJUST_YIELD_PER_RESOURCE_TYPE,PercentMultiplier,3,,,,
790,EFFECT_PLAYER_ADJUST_YIELD_PER_RESOURCE_TYPE,ResourceType,3,,,,
791,EFFECT_PLAYER_ADJUST_YIELD_PER_RESOURCE_TYPE,YieldType,3,,,,
792,EFFECT_PLAYER_ADJUST_YIELD_PER_SUZERAIN,Amount,13,,,,
793,EFFECT_PLAYER_ADJUST_YIELD_PER_SUZERAIN,Tooltip,8,,,,
794,EFFECT_PLAYER_ADJUST_YIELD_PER_SUZERAIN,YieldType,13,,,,
795,EFFECT_PLAYER_ADJUST_YIELD_PER_UNIQUE_CIV_CONQUERED_CITY,Amount,3,,,,
796,EFFECT_PLAYER_ADJUST_YIELD_PER_UNIQUE_CIV_CONQUERED_CITY,Tooltip,1,,,,
797,EFFECT_PLAYER_ADJUST_YIELD_PER_UNIQUE_CIV_CONQUERED_CITY,YieldType,3,,,,
798,EFFECT_PLAYER_ADJUST_YIELD_PER_UNIQUE_RESOURCE,Amount,2,,,,0.0
799,EFFECT_PLAYER_ADJUST_YIELD_PER_UNIQUE_RESOURCE,YieldType,2,,,,0.0
800,EFFECT_PLAYER_ADJUST_YIELD_PER_UNIT_LEVEL,Amount,2,,,,0.0
801,EFFECT_PLAYER_ADJUST_YIELD_PER_UNIT_LEVEL,YieldType,2,,,,0.0
802,EFFECT_PLAYER_ATTRIBUTE,Amount,480,,,,
803,EFFECT_PLAYER_ATTRIBUTE,AttributeType,464,,,,
804,EFFECT_PLAYER_ATTRIBUTE,PropertyName,9,,,,
805,EFFECT_PLAYER_DEDUCT_TREASURY,Amount,2,int,,0,0.0
806,EFFECT_PLAYER_DEDUCT_TREASURY,Scale,2,bool,,true,0.0
807,EFFECT_PLAYER_DEDUCT_TREASURY_DISCOVERY,MultiplierType,10,,,,
808,EFFECT_PLAYER_DEDUCT_TREASURY_NARRATIVE,MultiplierType,23,,,,
809,EFFECT_PLAYER_DESTROY_UNIT_WITH_HIGHEST_LEVEL,MatchAllTags,1,,,false,0.0
810,EFFECT_PLAYER_DESTROY_UNIT_WITH_HIGHEST_LEVEL,PrioritizeCommendations,1,,,false,0.0
811,EFFECT_PLAYER_DESTROY_UNIT_WITH_HIGHEST_LEVEL,Tags,1,text,,,0.0
812,EFFECT_PLAYER_DIPLOMACY_ACTION_BASIC_DIPLOMACY_MODS,ActionGroup,1,text,,,0.0
813,EFFECT_PLAYER_DIPLOMACY_ACTION_BASIC_DIPLOMACY_MODS,ApplyToTarget,1,bool,,,0.0
814,EFFECT_PLAYER_DIPLOMACY_ACTION_BASIC_DIPLOMACY_MODS,IsCounterSpy,1,bool,,,0.0
815,EFFECT_PLAYER_DIPLOMACY_ACTION_BASIC_DIPLOMACY_MODS,Modifier1Type,1,text,,,0.0
816,EFFECT_PLAYER_DIPLOMACY_ACTION_BASIC_DIPLOMACY_MODS,Modifier1Value,1,float,,,0.0
817,EFFECT_PLAYER_DIPLOMACY_ACTION_BASIC_DIPLOMACY_MODS,Modifier2Type,1,text,,,0.0
818,EFFECT_PLAYER_DIPLOMACY_ACTION_BASIC_DIPLOMACY_MODS,Modifier2Value,1,float,,,0.0
819,EFFECT_PLAYER_DIPLOMACY_ACTION_BASIC_DIPLOMACY_MODS,Modifier3Type,1,text,,,0.0
820,EFFECT_PLAYER_DIPLOMACY_ACTION_BASIC_DIPLOMACY_MODS,Modifier3Value,1,float,,,0.0
821,EFFECT_PLAYER_DIPLOMACY_ACTION_DESCRIBE_PROGRESS_ENVOY_MOD,ActionType,2,text,,,0.0
822,EFFECT_PLAYER_DIPLOMACY_ACTION_DESCRIBE_PROGRESS_ENVOY_MOD,ApplyToOtherPlayers,1,bool,,,0.0
823,EFFECT_PLAYER_DIPLOMACY_ACTION_DESCRIBE_PROGRESS_ENVOY_MOD,FactorEnvoys,2,,,,
824,EFFECT_PLAYER_DIPLOMACY_ACTION_DESCRIBE_PROGRESS_ENVOY_MOD,Percent,2,int,,,0.0
825,EFFECT_PLAYER_DIPLOMACY_ACTION_DESCRIBE_PROGRESS_ENVOY_MOD,Range,1,int,,,0.0
826,EFFECT_PLAYER_DIPLOMACY_ACTION_GROUP_MOD,ActionGroup,1,database,KIND_YIELD,,0.0
827,EFFECT_PLAYER_DIPLOMACY_ACTION_GROUP_MOD,Percent,1,int,,,0.0
828,EFFECT_PLAYER_DIPLOMACY_ACTION_PROGRESS_ENVOY_MOD,ActionType,2,text,,,0.0
829,EFFECT_PLAYER_DIPLOMACY_ACTION_PROGRESS_ENVOY_MOD,ApplyToOtherPlayers,1,bool,,,0.0
830,EFFECT_PLAYER_DIPLOMACY_ACTION_PROGRESS_ENVOY_MOD,FactorEnvoys,2,,,,
831,EFFECT_PLAYER_DIPLOMACY_ACTION_PROGRESS_ENVOY_MOD,Percent,2,int,,,0.0
832,EFFECT_PLAYER_DIPLOMACY_ACTION_PROGRESS_ENVOY_MOD,Range,1,int,,,0.0
833,EFFECT_PLAYER_DIPLOMACY_ADJUST_HAS_BOOSTED_SUPPORT_EFFECTS,IsBoosted,1,,,,
834,EFFECT_PLAYER_DIPLOMACY_ADJUST_HAS_BOOSTED_SUPPORT_EFFECTS,Tooltip,1,,,,
835,EFFECT_PLAYER_DIPLOMACY_ADJUST_THIRD_PARTY_SUPPORT_MAX,Amount,1,,,,
836,EFFECT_PLAYER_DIPLOMACY_ALLOW_LEVY_FROM_ALL_CITY_STATES,AllowLevy,1,,,,
837,EFFECT_PLAYER_DIPLOMACY_CHANGE_TRADE_ROUTE_CAPACITY,Amount,1,,,,
838,EFFECT_PLAYER_DIPLOMACY_FAVOR_ACCRUE_MOD,Percent,2,int,,,0.0
839,EFFECT_PLAYER_DIPLOMACY_IGNORE_WAR_REQUIREMENTS,WarType,1,,,,0.0
840,EFFECT_PLAYER_DIPLOMACY_INCITE_RAID,OperationName,1,,,,
841,EFFECT_PLAYER_DISABLE_BUILD_UNIT,PermanentlyDisabled,1,,,,
842,EFFECT_PLAYER_DISABLE_BUILD_UNIT,UnitType,2,,,,
843,EFFECT_PLAYER_FORCE_MILITARY_OPERATION,OperationName,2,,,,
844,EFFECT_PLAYER_GRANT_BONUS_STORIES,Amount,1,,,1,0.0
845,EFFECT_PLAYER_GRANT_CONSTRUCTIBLE_UNLOCK,ConstructibleType,20,,,,
846,EFFECT_PLAYER_GRANT_FAVORS_GRIEVANCES,Amount,4,int,,0,0.0
847,EFFECT_PLAYER_GRANT_FAVORS_GRIEVANCES,TargetCivilization,4,database,KIND_CIVILIZATION,,1.0
848,EFFECT_PLAYER_GRANT_FREE_PURCHASE_CHARGE,Amount,15,int,,1,0.0
849,EFFECT_PLAYER_GRANT_FREE_PURCHASE_CHARGE,BuildingType,11,,KIND_CONSTRUCTIBLE,,0.0
850,EFFECT_PLAYER_GRANT_FREE_PURCHASE_CHARGE,UnitType,4,,KIND_UNIT,,0.0
851,EFFECT_PLAYER_GRANT_LEGACY_POINTS,Amount,4,,,,
852,EFFECT_PLAYER_GRANT_LEGACY_POINTS,Type,4,,,,
853,EFFECT_PLAYER_GRANT_NARRATIVE_TAG,Amount,422,,,,
854,EFFECT_PLAYER_GRANT_NARRATIVE_TAG,NarrativeTagType,422,,,,
855,EFFECT_PLAYER_GRANT_NAVAL_UNIT_WITH_OCEAN_ACCESS,AllowUniqueOverride,3,,,true,0.0
856,EFFECT_PLAYER_GRANT_NAVAL_UNIT_WITH_OCEAN_ACCESS,Amount,18,,,1,0.0
857,EFFECT_PLAYER_GRANT_NAVAL_UNIT_WITH_OCEAN_ACCESS,UnitTag,1,,,,0.0
858,EFFECT_PLAYER_GRANT_NAVAL_UNIT_WITH_OCEAN_ACCESS,UnitType,17,,,,0.0
859,EFFECT_PLAYER_GRANT_PROGRESSION,Amount,48,,,,
860,EFFECT_PLAYER_GRANT_PROGRESSION,BoostPercentage,25,,,,
861,EFFECT_PLAYER_GRANT_PROGRESSION,FreeProgressionType,49,,,,
862,EFFECT_PLAYER_GRANT_PROGRESSION,NodeType,27,,,,
863,EFFECT_PLAYER_GRANT_PROGRESSION,SystemType,48,,,,
864,EFFECT_PLAYER_GRANT_TRADITION_SLOTS,Amount,45,,,,
865,EFFECT_PLAYER_GRANT_TRADITION_SLOTS,Negative,19,,,,
866,EFFECT_PLAYER_GRANT_UNIT_AT_PLOT,AllowUniqueOverride,2,bool,,true,0.0
867,EFFECT_PLAYER_GRANT_UNIT_AT_PLOT,Amount,11,int,,,0.0
868,EFFECT_PLAYER_GRANT_UNIT_AT_PLOT,Levels,2,int,,,0.0
869,EFFECT_PLAYER_GRANT_UNIT_AT_PLOT,TreasureAmount,2,int,,,0.0
870,EFFECT_PLAYER_GRANT_UNIT_AT_PLOT,UnitTag,1,text,,,0.0
871,EFFECT_PLAYER_GRANT_UNIT_AT_PLOT,UnitType,10,database,KIND_UNIT,,0.0
872,EFFECT_PLAYER_GRANT_UNIT_ON_CAPTURE_CITY,UnitMovementClassType,1,,,0,0.0
873,EFFECT_PLAYER_GRANT_UNLOCK,Unlock,24,,,,
874,EFFECT_PLAYER_GRANT_VICTORY_POINT,Amount,13,int,,,0.0
875,EFFECT_PLAYER_GRANT_VICTORY_POINT,LegacyPathType,13,database,KIND_LEGACY_PATH,,0.0
876,EFFECT_PLAYER_GRANT_WONDER_PURCHASING,PurchaseEfficiency,1,,,,0.0
877,EFFECT_PLAYER_GRANT_YIELD,Amount,35,,,,
878,EFFECT_PLAYER_GRANT_YIELD,Scale,10,,,,
879,EFFECT_PLAYER_GRANT_YIELD,YieldType,31,,,,
880,EFFECT_PLAYER_GRANT_YIELD_ASSIGNED_WORKERS,Amount,1,,,,
881,EFFECT_PLAYER_GRANT_YIELD_ASSIGNED_WORKERS,Tooltip,1,,,,
882,EFFECT_PLAYER_GRANT_YIELD_ASSIGNED_WORKERS,YieldType,1,,,,
883,EFFECT_PLAYER_GRANT_YIELD_DISCOVERY,MultiplierType,322,,,,
884,EFFECT_PLAYER_GRANT_YIELD_DISCOVERY,YieldType,322,,,,
885,EFFECT_PLAYER_GRANT_YIELD_NARRATIVE,MultiplierType,1286,database,,,1.0
886,EFFECT_PLAYER_GRANT_YIELD_NARRATIVE,YieldType,1286,database,KIND_YIELD,,1.0
887,EFFECT_PLAYER_LOWER_ALL_INDEPENDENT_RELATIONSHIPS,Amount,1,,,1,0.0
888,EFFECT_PLAYER_OPEN_ARCHAEOLOGY,AllowNaturalWonders,1,bool,,,0.0
889,EFFECT_PLAYER_OPEN_ARCHAEOLOGY,ArchaeologyAge,2,database,KIND_AGE,,0.0
890,EFFECT_PLAYER_PROPERTY,Key,4,,,,
891,EFFECT_PLAYER_PROPERTY,Operation,4,,,,
892,EFFECT_PLAYER_PROPERTY,Value,4,,,,
893,EFFECT_PLAYER_REPLACE_CONSTRUCTIBLE,Create,4,,,,0.0
894,EFFECT_PLAYER_REPLACE_CONSTRUCTIBLE,Destroy,4,,,,0.0
895,EFFECT_PLAYER_REVEAL_CULTURE_TREE,ProgressionTreeType,43,,,,
896,EFFECT_PLAYER_SET_GOVERNMENT,GovernmentType,5,,,NO_GOVERNMENT,1.0
897,EFFECT_PLAYER_SPAWN_TRIBE_ARMY,NumCombatUnits,2,,,3,0.0
898,EFFECT_PLAYER_SPAWN_TRIBE_NEAR,NumCities,1,,,1,0.0
899,EFFECT_PLAYER_SPAWN_TRIBE_NEAR,TribeType,1,,,-1,0.0
900,EFFECT_PLAYER_UNLOCK_PANTHEON,Amount,1,,,,
901,EFFECT_PLAYER_UNLOCK_TRADITION,Lock,5,,,,
902,EFFECT_PLAYER_UNLOCK_TRADITION,Tradition,48,,,,
903,EFFECT_PLAYER_WAR_DIPLOMATIC_RELATIONSHIP_CHANGE,Amount,1,int,,0,0.0
904,EFFECT_PLAYER_WAR_DIPLOMATIC_RELATIONSHIP_CHANGE,OnlyWarChangedTurn,1,bool,,false,0.0
905,EFFECT_PLOT_ADJUST_WORKER_MAINTENANCE,Amount,1,,,,1.0
906,EFFECT_PLOT_ADJUST_WORKER_MAINTENANCE,Tooltip,1,,,,
907,EFFECT_PLOT_ADJUST_WORKER_MAINTENANCE,YieldType,1,,,,
908,EFFECT_PLOT_ADJUST_WORKER_YIELD,Amount,1,,,,1.0
909,EFFECT_PLOT_ADJUST_WORKER_YIELD,Tooltip,1,,,,
910,EFFECT_PLOT_ADJUST_WORKER_YIELD,YieldType,1,,,,
911,EFFECT_PLOT_ADJUST_YIELD,Amount,144,,,,
912,EFFECT_PLOT_ADJUST_YIELD,Apply,2,,,,
913,EFFECT_PLOT_ADJUST_YIELD,Description,3,,,,
914,EFFECT_PLOT_ADJUST_YIELD,Percent,2,,,,
915,EFFECT_PLOT_ADJUST_YIELD,Tooltip,54,,,,
916,EFFECT_PLOT_ADJUST_YIELD,YieldType,146,,,,
917,EFFECT_PLOT_ADJUST_YIELD_PER_PLAYER_NATURAL_WONDER,Percent,1,,,,0.0
918,EFFECT_PLOT_ADJUST_YIELD_PER_PLAYER_NATURAL_WONDER,Tooltip,1,,,,
919,EFFECT_PLOT_ADJUST_YIELD_PER_PLAYER_NATURAL_WONDER,YieldType,1,,,,0.0
920,EFFECT_PLOT_PLACE_RESOURCE,ResourceType,12,database,KIND_RESOURCE,,0.0
921,EFFECT_RESTORE_UNIT_MOVEMENT,MovementOnly,1,,,,
922,EFFECT_RESTORE_UNIT_MOVEMENT,RestoreAfterMoving,1,,,,
923,EFFECT_REVEAL_PLOTS,SharesContinentFeature,1,,,,
924,EFFECT_TELEPORT_UNIT,TerrainType,1,,,,
925,EFFECT_UNITS_EXTRA_RANDOM_EVENT_DAMAGE,Amount,1,,,,
926,EFFECT_UNITS_EXTRA_RANDOM_EVENT_DAMAGE,RandomEventClass,1,,,,
927,EFFECT_UNITS_IMMUNE_TO_RANDOM_EVENTS,RandomEventClass,3,,,,
928,EFFECT_UNIT_ADJUST_ABILITY,AbilityType,294,,,,
929,EFFECT_UNIT_ADJUST_ABILITY,Tooltip,1,,,,
930,EFFECT_UNIT_ADJUST_COMBAT_STRENGTH_PER_GAME_DIFFICULTY,Amount,2,,,,
931,EFFECT_UNIT_ADJUST_COMBAT_STRENGTH_PER_GAME_DIFFICULTY,Type,2,,,,
932,EFFECT_UNIT_ADJUST_COMBAT_STRENGTH_PER_RESOURCE,Amount,7,,,,
933,EFFECT_UNIT_ADJUST_COMBAT_STRENGTH_PER_RESOURCE,ResourceType,7,,,,
934,EFFECT_UNIT_ADJUST_COMMAND_AWARD,AdjustByGameSpeed,4,,,,0.0
935,EFFECT_UNIT_ADJUST_COMMAND_AWARD,Amount,13,,,,0.0
936,EFFECT_UNIT_ADJUST_COMMAND_AWARD,CommandType,13,,,,0.0
937,EFFECT_UNIT_ADJUST_COMMAND_AWARD,DomainType,1,,,,
938,EFFECT_UNIT_ADJUST_COMMAND_AWARD,IncludesNavigableRiver,2,,,,0.0
939,EFFECT_UNIT_ADJUST_COMMAND_AWARD,PerRelationship,1,,,false,0.0
940,EFFECT_UNIT_ADJUST_COMMAND_AWARD,PerResource,4,,,,0.0
941,EFFECT_UNIT_ADJUST_COMMAND_AWARD,YieldType,13,,,,0.0
942,EFFECT_UNIT_ADJUST_DAMAGE,Amount,28,int,,0,0.0
943,EFFECT_UNIT_ADJUST_DAMAGE,ApplyToArmy,1,,,,
944,EFFECT_UNIT_ADJUST_DAMAGE,Destroy,5,int,,,0.0
945,EFFECT_UNIT_ADJUST_EMBARKATION_TYPE,EmbarkationType,12,,,,
946,EFFECT_UNIT_ADJUST_EMBARKATION_TYPE,TerrainType,1,,,,
947,EFFECT_UNIT_ADJUST_FLANKING_ATTACK_MODIFIER,Amount,3,,,,
948,EFFECT_UNIT_ADJUST_FLANKING_ATTACK_MODIFIER,Percent,5,,,,
949,EFFECT_UNIT_ADJUST_FLANK_DEFENSE_MODIFIER,Amount,1,,,,
950,EFFECT_UNIT_ADJUST_FORTIFICATION_CONSTRUCTION_TIME,Amount,2,,,,0.0
951,EFFECT_UNIT_ADJUST_HEAL_PER_RESOURCE,Amount,1,,,,
952,EFFECT_UNIT_ADJUST_HEAL_PER_RESOURCE,ResourceType,1,,,,
953,EFFECT_UNIT_ADJUST_HEAL_PER_TURN,Amount,24,,,,
954,EFFECT_UNIT_ADJUST_HEAL_PER_TURN,TerritoryTypes,13,,,,
955,EFFECT_UNIT_ADJUST_IGNORE_MOVEMENT_OBSTACLE,FeatureClassTypes,2,,,,
956,EFFECT_UNIT_ADJUST_IGNORE_MOVEMENT_OBSTACLE,IgnoreAll,2,,,,
957,EFFECT_UNIT_ADJUST_IGNORE_MOVEMENT_OBSTACLE,Obstacle,31,,,,
958,EFFECT_UNIT_ADJUST_MOVEMENT,Amount,38,,,,
959,EFFECT_UNIT_ADJUST_MOVE_AFTER_ATTACK,Amount,4,,,,
960,EFFECT_UNIT_ADJUST_OPERATION_AWARD,Amount,1,,,,0.0
961,EFFECT_UNIT_ADJUST_OPERATION_AWARD,DistanceToCapital,1,,,,0.0
962,EFFECT_UNIT_ADJUST_OPERATION_AWARD,OperationType,1,,,,0.0
963,EFFECT_UNIT_ADJUST_OPERATION_AWARD,YieldType,1,,,,0.0
964,EFFECT_UNIT_ADJUST_PLAYER_YIELD,Amount,4,,,,0.0
965,EFFECT_UNIT_ADJUST_PLAYER_YIELD,YieldType,4,,,,0.0
966,EFFECT_UNIT_GRANT_FREE_BUILDING_IGNORE,ConstructibleType,3,,,,
967,EFFECT_UNIT_GRANT_UNASSIGNED_WORKERS,Amount,1,,,,
968,EFFECT_UNIT_PROPERTY,Key,1,,,,
969,EFFECT_UNIT_PROPERTY,Operation,1,,,,
970,EFFECT_UNIT_PROPERTY,Value,1,,,,
971,EFFECT_UNIT_SET_CAN_PLUNDER_TRADE_ROUTES_BETWEEN_OTHER_CIVS,CanPlunder,2,,,false,0.0
972,EFFECT_UNIT_SET_PRIVATEER,Privateer,2,,,,
973,TRIGGER_CITY_ADJUST_POPULATION_ON_GOLDEN_AGE,Amount,1,,,,
974,TRIGGER_CITY_GRANT_YIELD_ON_ADD_PLOT,Amount,1,,,,
975,TRIGGER_CITY_GRANT_YIELD_ON_ADD_PLOT,BiomeType,1,,,,
976,TRIGGER_CITY_GRANT_YIELD_ON_ADD_PLOT,YieldType,1,,,,
977,TRIGGER_CITY_GRANT_YIELD_ON_CONSTRUCTIBLE_CREATED,Amount,2,,,,
978,TRIGGER_CITY_GRANT_YIELD_ON_CONSTRUCTIBLE_CREATED,ConstructibleClass,3,,,,
979,TRIGGER_CITY_GRANT_YIELD_ON_CONSTRUCTIBLE_CREATED,Overbuilt,1,,,,
980,TRIGGER_CITY_GRANT_YIELD_ON_CONSTRUCTIBLE_CREATED,PercentCost,2,,,,
981,TRIGGER_CITY_GRANT_YIELD_ON_CONSTRUCTIBLE_CREATED,YieldType,4,,,,
982,TRIGGER_CITY_GRANT_YIELD_ON_PROGRESSION_TREE_NODE_DEPTH_UNLOCKED,MasteryNodesOnly,2,,,,
983,TRIGGER_CITY_GRANT_YIELD_ON_PROGRESSION_TREE_NODE_DEPTH_UNLOCKED,PercentCost,3,,,,
984,TRIGGER_CITY_GRANT_YIELD_ON_PROGRESSION_TREE_NODE_DEPTH_UNLOCKED,SystemType,3,,,,
985,TRIGGER_CITY_GRANT_YIELD_ON_PROGRESSION_TREE_NODE_DEPTH_UNLOCKED,YieldType,3,,,,
986,TRIGGER_PLAYER_ADJUST_POPULATION_ON_CELEBRATION_STARTED,Amount,1,,,0,0.0
987,TRIGGER_PLAYER_ADJUST_YIELD_PER_ATTRIBUTE_TREE_UNLOCKED,Amount,1,,,,
988,TRIGGER_PLAYER_ADJUST_YIELD_PER_ATTRIBUTE_TREE_UNLOCKED,ProgressionTreeType,1,,,,
989,TRIGGER_PLAYER_ADJUST_YIELD_PER_ATTRIBUTE_TREE_UNLOCKED,YieldType,1,,,,
990,TRIGGER_PLAYER_GRANT_UNIT_ON_GOLDEN_AGE,AllowUniqueOverride,1,bool,,,0.0
991,TRIGGER_PLAYER_GRANT_UNIT_ON_GOLDEN_AGE,Amount,1,int,,,0.0
992,TRIGGER_PLAYER_GRANT_UNIT_ON_GOLDEN_AGE,UnitTag,1,text,,,0.0
993,TRIGGER_PLAYER_GRANT_UNIT_ON_PROGRESSION_TREE_NODE_DEPTH_UNLOCKED,AllowUniqueOverride,2,,,,
994,TRIGGER_PLAYER_GRANT_UNIT_ON_PROGRESSION_TREE_NODE_DEPTH_UNLOCKED,Amount,2,,,,
995,TRIGGER_PLAYER_GRANT_UNIT_ON_PROGRESSION_TREE_NODE_DEPTH_UNLOCKED,Depth,2,,,,
996,TRIGGER_PLAYER_GRANT_UNIT_ON_PROGRESSION_TREE_NODE_DEPTH_UNLOCKED,SystemType,2,,,,
997,TRIGGER_PLAYER_GRANT_UNIT_ON_PROGRESSION_TREE_NODE_DEPTH_UNLOCKED,UnitTag,2,,,,
998,TRIGGER_PLAYER_GRANT_YIELD_ON_FIND_WONDER,Amount,2,,,,
999,TRIGGER_PLAYER_GRANT_YIELD_ON_FIND_WONDER,DistantLandBonus,2,,,,
1000,TRIGGER_PLAYER_GRANT_YIELD_ON_FIND_WONDER,Tooltip,1,,,,
1001,TRIGGER_PLAYER_GRANT_YIELD_ON_FIND_WONDER,YieldType,2,,,,
1002,TRIGGER_PLAYER_GRANT_YIELD_ON_MASTERY_COMPLETED,Amount,1,,,,
1003,TRIGGER_PLAYER_GRANT_YIELD_ON_MASTERY_COMPLETED,ProgressionTreeType,1,,,,
1004,TRIGGER_PLAYER_GRANT_YIELD_ON_MASTERY_COMPLETED,YieldType,1,,,,
1005,TRIGGER_PLAYER_GRANT_YIELD_ON_PROGRESSION_TREE_NODE_DEPTH_UNLOCKED,Depth,1,,,,
1006,TRIGGER_PLAYER_GRANT_YIELD_ON_PROGRESSION_TREE_NODE_DEPTH_UNLOCKED,PercentCost,2,,,,
1007,TRIGGER_PLAYER_GRANT_YIELD_ON_PROGRESSION_TREE_NODE_DEPTH_UNLOCKED,PercentYieldPerTurn,1,,,,
1008,TRIGGER_PLAYER_GRANT_YIELD_ON_PROGRESSION_TREE_NODE_DEPTH_UNLOCKED,SystemType,3,,,,
1009,TRIGGER_PLAYER_GRANT_YIELD_ON_PROGRESSION_TREE_NODE_DEPTH_UNLOCKED,YieldType,3,,,,
1010,TRIGGER_PLAYER_GRANT_YIELD_ON_PROGRESSION_TREE_NODE_DEPTH_UNLOCKED,YieldTypeConverted,1,,,,
1011,TRIGGER_PLAYER_GRANT_YIELD_ON_UNIT_CREATED,Civilian,2,,,,
1012,TRIGGER_PLAYER_GRANT_YIELD_ON_UNIT_CREATED,Combat,5,,,,
1013,TRIGGER_PLAYER_GRANT_YIELD_ON_UNIT_CREATED,PercentCost,5,,,,
1014,TRIGGER_PLAYER_GRANT_YIELD_ON_UNIT_CREATED,UnitTags,4,,,,
1015,TRIGGER_PLAYER_GRANT_YIELD_ON_UNIT_CREATED,YieldType,5,,,,
